Project Name,Package Name,Type Name,LCOM1,LCOM2,LCOM3,LCOM4,LCOM5,YALCOM
commons-lang,lcom.testsubject,AllDisconnected,3.0,0.0,6.0,6.0,1.5,1.0
commons-lang,org.apache.commons.lang3,SystemProperties,19701.0,0.0,199.0,3.0,0.9999198332531666,0.01507537688442211
commons-lang,org.apache.commons.lang3,CharSetUtils,28.0,0.0,8.0,2.0,0.0,0.25
commons-lang,org.apache.commons.lang3,Range,192.0,6.0,6.0,2.0,0.7716049382716049,0.07142857142857142
commons-lang,org.apache.commons.lang3,StringEscapeUtils,171.0,0.0,19.0,19.0,1.0046296296296295,0.9473684210526315
commons-lang,org.apache.commons.lang3,CsvEscaper,0.0,0.0,1.0,1.0,0.0,0.0
commons-lang,org.apache.commons.lang3,CsvUnescaper,0.0,0.0,1.0,1.0,0.0,0.0
commons-lang,org.apache.commons.lang3,SystemUtils,253.0,0.0,23.0,18.0,1.0425454545454544,0.7391304347826086
commons-lang,org.apache.commons.lang3,RandomUtils,370.0,334.0,21.0,5.0,0.9523809523809524,0.1724137931034483
commons-lang,org.apache.commons.lang3,ClassLoaderUtils,15.0,0.0,6.0,4.0,1.0,0.6666666666666666
commons-lang,org.apache.commons.lang3,Validate,1431.0,0.0,54.0,54.0,0.9962264150943396,0.9259259259259259
commons-lang,org.apache.commons.lang3,AnnotationUtils,66.0,0.0,12.0,5.0,1.0454545454545454,0.4166666666666667
commons-lang,org.apache.commons.lang3,RuntimeEnvironment,10.0,0.0,5.0,2.0,0.0,0.4
commons-lang,org.apache.commons.lang3,Conversion,903.0,0.0,43.0,30.0,0.9761904761904762,0.6744186046511628
commons-lang,org.apache.commons.lang3,Streams,163.0,95.0,9.0,9.0,0.8452380952380952,0.4090909090909091
commons-lang,org.apache.commons.lang3,ArrayCollector,14.0,13.0,5.0,5.0,0.9,0.8333333333333334
commons-lang,org.apache.commons.lang3,FailableStream,20.0,0.0,2.0,1.0,0.5454545454545454,0.0
commons-lang,org.apache.commons.lang3,IntegerRange,6.0,0.0,4.0,4.0,1.3333333333333333,1.0
commons-lang,org.apache.commons.lang3,RegExUtils,210.0,0.0,21.0,4.0,0.0,0.19047619047619047
commons-lang,org.apache.commons.lang3,ArrayFill,36.0,0.0,9.0,9.0,0.0,1.0
commons-lang,org.apache.commons.lang3,CachedRandomBits,0.0,0.0,1.0,1.0,-0.0,0.0
commons-lang,org.apache.commons.lang3,LongRange,6.0,0.0,4.0,4.0,1.3333333333333333,1.0
commons-lang,org.apache.commons.lang3,LocaleUtils,120.0,0.0,16.0,9.0,0.9809523809523809,0.5625
commons-lang,org.apache.commons.lang3,SyncAvoid,0.0,0.0,0.0,0.0,0.0,-1.0
commons-lang,org.apache.commons.lang3,NotImplementedException,18.0,8.0,4.0,4.0,0.7857142857142857,0.5
commons-lang,org.apache.commons.lang3,DoubleRange,3.0,0.0,3.0,3.0,1.5,1.0
commons-lang,org.apache.commons.lang3,ClassPathUtils,21.0,0.0,7.0,6.0,0.0,0.8571428571428571
commons-lang,org.apache.commons.lang3,ObjectUtils,1378.0,0.0,53.0,39.0,0.9807692307692307,0.7358490566037735
commons-lang,org.apache.commons.lang3,Null,1.0,0.0,2.0,2.0,2.0,1.0
commons-lang,org.apache.commons.lang3,StringUtils,29161.0,0.0,242.0,127.0,0.9610995850622407,0.3884297520661157
commons-lang,org.apache.commons.lang3,SerializationUtils,35.0,34.0,8.0,4.0,0.875,0.4444444444444444
commons-lang,org.apache.commons.lang3,ClassLoaderAwareObjectInputStream,0.0,0.0,1.0,1.0,-0.0,0.0
commons-lang,org.apache.commons.lang3,CharSequenceUtils,36.0,0.0,9.0,8.0,0.875,0.6666666666666666
commons-lang,org.apache.commons.lang3,RandomStringUtils,885.0,780.0,31.0,4.0,0.9681818181818183,0.08888888888888889
commons-lang,org.apache.commons.lang3,BooleanUtils,1081.0,0.0,47.0,38.0,0.9037267080745341,0.48936170212765956
commons-lang,org.apache.commons.lang3,EnumUtils,231.0,0.0,22.0,22.0,0.9880952380952381,0.9545454545454546
commons-lang,org.apache.commons.lang3,AppendableJoiner,54.0,0.0,8.0,7.0,0.7058823529411765,0.16666666666666666
commons-lang,org.apache.commons.lang3,Builder,11.0,7.0,2.0,2.0,0.8,0.3333333333333333
commons-lang,org.apache.commons.lang3,SerializationException,6.0,0.0,4.0,4.0,1.3333333333333333,1.0
commons-lang,org.apache.commons.lang3,ArraySorter,45.0,0.0,10.0,10.0,0.0,1.0
commons-lang,org.apache.commons.lang3,Charsets,3.0,0.0,3.0,3.0,0.0,1.0
commons-lang,org.apache.commons.lang3,Functions,561.0,0.0,34.0,29.0,0.0,0.8529411764705882
commons-lang,org.apache.commons.lang3,FailableBiConsumer,0.0,0.0,1.0,1.0,0.0,-1.0
commons-lang,org.apache.commons.lang3,FailableBiFunction,0.0,0.0,1.0,1.0,0.0,-1.0
commons-lang,org.apache.commons.lang3,FailableBiPredicate,0.0,0.0,1.0,1.0,0.0,-1.0
commons-lang,org.apache.commons.lang3,FailableCallable,0.0,0.0,1.0,1.0,0.0,-1.0
commons-lang,org.apache.commons.lang3,FailableConsumer,0.0,0.0,1.0,1.0,0.0,-1.0
commons-lang,org.apache.commons.lang3,FailableFunction,0.0,0.0,1.0,1.0,0.0,-1.0
commons-lang,org.apache.commons.lang3,FailablePredicate,0.0,0.0,1.0,1.0,0.0,-1.0
commons-lang,org.apache.commons.lang3,FailableRunnable,0.0,0.0,1.0,1.0,0.0,-1.0
commons-lang,org.apache.commons.lang3,FailableSupplier,0.0,0.0,1.0,1.0,0.0,-1.0
commons-lang,org.apache.commons.lang3,CharRange,94.0,17.0,5.0,5.0,0.8024691358024691,0.2631578947368421
commons-lang,org.apache.commons.lang3,CharacterIterator,4.0,0.0,2.0,2.0,0.5,0.4
commons-lang,org.apache.commons.lang3,BitField,130.0,107.0,11.0,1.0,0.7647058823529411,0.0
commons-lang,org.apache.commons.lang3,Strings,1000.0,965.0,38.0,22.0,0.9740740740740741,0.43478260869565216
commons-lang,org.apache.commons.lang3,Builder,4.0,2.0,2.0,2.0,0.6666666666666666,0.5
commons-lang,org.apache.commons.lang3,CiStrings,21.0,0.0,7.0,7.0,0.0,1.0
commons-lang,org.apache.commons.lang3,CsStrings,21.0,0.0,7.0,7.0,0.0,1.0
commons-lang,org.apache.commons.lang3,CharSet,7.0,0.0,2.0,2.0,1.0,0.25
commons-lang,org.apache.commons.lang3,ThreadUtils,579.0,563.0,28.0,10.0,0.9411764705882353,0.2857142857142857
commons-lang,org.apache.commons.lang3,AlwaysTruePredicate,3.0,0.0,3.0,3.0,0.0,1.0
commons-lang,org.apache.commons.lang3,NamePredicate,0.0,0.0,1.0,1.0,-0.0,0.0
commons-lang,org.apache.commons.lang3,ThreadGroupPredicate,0.0,0.0,1.0,1.0,0.0,-1.0
commons-lang,org.apache.commons.lang3,ThreadIdPredicate,0.0,0.0,1.0,1.0,-0.0,0.0
commons-lang,org.apache.commons.lang3,ThreadPredicate,0.0,0.0,1.0,1.0,0.0,-1.0
commons-lang,org.apache.commons.lang3,CharEncoding,1.0,0.0,2.0,2.0,2.0,1.0
commons-lang,org.apache.commons.lang3,ArchUtils,105.0,0.0,15.0,5.0,0.9285714285714286,0.26666666666666666
commons-lang,org.apache.commons.lang3,CharUtils,276.0,0.0,24.0,17.0,1.0260869565217392,0.7083333333333334
commons-lang,org.apache.commons.lang3,NumberRange,0.0,0.0,1.0,1.0,0.0,0.0
commons-lang,org.apache.commons.lang3,ArrayUtils,70500.0,0.0,376.0,235.0,0.9915555555555555,0.45478723404255317
commons-lang,org.apache.commons.lang3,ClassUtils,2077.0,2074.0,63.0,33.0,0.9928977272727273,0.4461538461538462
commons-lang,org.apache.commons.lang3,StringUtilsEmptyBlankTest,66.0,0.0,12.0,12.0,0.0,1.0
commons-lang,org.apache.commons.lang3,LongRangeTest,145.0,0.0,6.0,3.0,0.75,0.09375
commons-lang,org.apache.commons.lang3,CharSetTest,105.0,0.0,15.0,15.0,0.0,1.0
commons-lang,org.apache.commons.lang3,ArrayUtilsTest,62128.0,0.0,353.0,352.0,0.9772727272727273,0.9745042492917847
commons-lang,org.apache.commons.lang3,TestClass,0.0,0.0,0.0,0.0,0.0,-1.0
commons-lang,org.apache.commons.lang3,LANG1261ParentObject,1.0,0.0,2.0,2.0,0.0,1.0
commons-lang,org.apache.commons.lang3,LANG1261ChildObject,0.0,0.0,0.0,0.0,0.0,-1.0
commons-lang,org.apache.commons.lang3,ConversionTest,990.0,0.0,45.0,45.0,0.0,1.0
commons-lang,org.apache.commons.lang3,RandomUtilsTest,1770.0,0.0,60.0,60.0,0.9491525423728814,0.95
commons-lang,org.apache.commons.lang3,ValidateTest,22791.0,0.0,214.0,214.0,0.9577464788732394,0.7242990654205608
commons-lang,org.apache.commons.lang3,ExclusiveBetween,435.0,0.0,30.0,30.0,0.6896551724137931,0.0
commons-lang,org.apache.commons.lang3,WithComparable,45.0,0.0,10.0,10.0,-0.0,0.0
commons-lang,org.apache.commons.lang3,WithMessage,10.0,0.0,5.0,5.0,0.0,1.0
commons-lang,org.apache.commons.lang3,WithoutMessage,10.0,0.0,5.0,5.0,0.0,1.0
commons-lang,org.apache.commons.lang3,WithDouble,45.0,0.0,10.0,10.0,-0.0,0.0
commons-lang,org.apache.commons.lang3,WithMessage,10.0,0.0,5.0,5.0,0.0,1.0
commons-lang,org.apache.commons.lang3,WithoutMessage,10.0,0.0,5.0,5.0,0.0,1.0
commons-lang,org.apache.commons.lang3,WithLong,45.0,0.0,10.0,10.0,-0.0,0.0
commons-lang,org.apache.commons.lang3,WithMessage,10.0,0.0,5.0,5.0,0.0,1.0
commons-lang,org.apache.commons.lang3,WithoutMessage,10.0,0.0,5.0,5.0,0.0,1.0
commons-lang,org.apache.commons.lang3,Finite,28.0,0.0,8.0,8.0,0.0,1.0
commons-lang,org.apache.commons.lang3,WithMessage,6.0,0.0,4.0,4.0,0.0,1.0
commons-lang,org.apache.commons.lang3,WithoutMessage,6.0,0.0,4.0,4.0,0.0,1.0
commons-lang,org.apache.commons.lang3,InclusiveBetween,435.0,0.0,30.0,30.0,0.6896551724137931,0.0
commons-lang,org.apache.commons.lang3,WithComparable,45.0,0.0,10.0,10.0,-0.0,0.0
commons-lang,org.apache.commons.lang3,WithMessage,10.0,0.0,5.0,5.0,0.0,1.0
commons-lang,org.apache.commons.lang3,WithoutMessage,10.0,0.0,5.0,5.0,0.0,1.0
commons-lang,org.apache.commons.lang3,WithDouble,45.0,0.0,10.0,10.0,-0.0,0.0
commons-lang,org.apache.commons.lang3,WithMessage,10.0,0.0,5.0,5.0,0.0,1.0
commons-lang,org.apache.commons.lang3,WithoutMessage,10.0,0.0,5.0,5.0,0.0,1.0
commons-lang,org.apache.commons.lang3,WithLong,45.0,0.0,10.0,10.0,-0.0,0.0
commons-lang,org.apache.commons.lang3,WithMessage,10.0,0.0,5.0,5.0,0.0,1.0
commons-lang,org.apache.commons.lang3,WithoutMessage,10.0,0.0,5.0,5.0,0.0,1.0
commons-lang,org.apache.commons.lang3,IsAssignable,21.0,0.0,7.0,7.0,0.0,1.0
commons-lang,org.apache.commons.lang3,WithMessage,1.0,0.0,2.0,2.0,0.0,1.0
commons-lang,org.apache.commons.lang3,WithoutMessage,10.0,0.0,5.0,5.0,0.0,1.0
commons-lang,org.apache.commons.lang3,IsInstanceOf,15.0,0.0,6.0,6.0,0.0,1.0
commons-lang,org.apache.commons.lang3,WithMessage,1.0,0.0,2.0,2.0,0.0,1.0
commons-lang,org.apache.commons.lang3,WithMessageTemplate,1.0,0.0,2.0,2.0,0.0,1.0
commons-lang,org.apache.commons.lang3,WithoutMessage,1.0,0.0,2.0,2.0,0.0,1.0
commons-lang,org.apache.commons.lang3,IsTrue,78.0,0.0,13.0,13.0,0.0,1.0
commons-lang,org.apache.commons.lang3,WithDoubleTemplate,1.0,0.0,2.0,2.0,0.0,1.0
commons-lang,org.apache.commons.lang3,WithLongTemplate,1.0,0.0,2.0,2.0,0.0,1.0
commons-lang,org.apache.commons.lang3,WithMessage,3.0,0.0,3.0,3.0,0.0,1.0
commons-lang,org.apache.commons.lang3,WithObjectTemplate,1.0,0.0,2.0,2.0,0.0,1.0
commons-lang,org.apache.commons.lang3,WithMessageSupplier,1.0,0.0,2.0,2.0,0.0,1.0
commons-lang,org.apache.commons.lang3,WithoutMessage,1.0,0.0,2.0,2.0,0.0,1.0
commons-lang,org.apache.commons.lang3,MatchesPattern,6.0,0.0,4.0,4.0,0.0,1.0
commons-lang,org.apache.commons.lang3,WithMessage,1.0,0.0,2.0,2.0,0.0,1.0
commons-lang,org.apache.commons.lang3,WithoutMessage,1.0,0.0,2.0,2.0,0.0,1.0
commons-lang,org.apache.commons.lang3,NoNullElements,120.0,0.0,16.0,16.0,0.0,1.0
commons-lang,org.apache.commons.lang3,WithArray,28.0,0.0,8.0,8.0,0.0,1.0
commons-lang,org.apache.commons.lang3,WithMessage,6.0,0.0,4.0,4.0,0.0,1.0
commons-lang,org.apache.commons.lang3,WithoutMessage,6.0,0.0,4.0,4.0,0.0,1.0
commons-lang,org.apache.commons.lang3,WithCollection,28.0,0.0,8.0,8.0,0.0,1.0
commons-lang,org.apache.commons.lang3,WithMessage,6.0,0.0,4.0,4.0,0.0,1.0
commons-lang,org.apache.commons.lang3,WithoutMessage,6.0,0.0,4.0,4.0,0.0,1.0
commons-lang,org.apache.commons.lang3,NotBlank,120.0,0.0,16.0,16.0,0.0,1.0
commons-lang,org.apache.commons.lang3,WithMessage,28.0,0.0,8.0,8.0,0.0,1.0
commons-lang,org.apache.commons.lang3,WithoutMessage,28.0,0.0,8.0,8.0,0.0,1.0
commons-lang,org.apache.commons.lang3,NotEmpty,496.0,0.0,32.0,32.0,0.0,1.0
commons-lang,org.apache.commons.lang3,WithArray,28.0,0.0,8.0,8.0,0.0,1.0
commons-lang,org.apache.commons.lang3,WithMessage,6.0,0.0,4.0,4.0,0.0,1.0
commons-lang,org.apache.commons.lang3,WithoutMessage,6.0,0.0,4.0,4.0,0.0,1.0
commons-lang,org.apache.commons.lang3,WithCharSequence,28.0,0.0,8.0,8.0,0.0,1.0
commons-lang,org.apache.commons.lang3,WithMessage,6.0,0.0,4.0,4.0,0.0,1.0
commons-lang,org.apache.commons.lang3,WithoutMessage,6.0,0.0,4.0,4.0,0.0,1.0
commons-lang,org.apache.commons.lang3,WithCollection,28.0,0.0,8.0,8.0,0.0,1.0
commons-lang,org.apache.commons.lang3,WithMessage,6.0,0.0,4.0,4.0,0.0,1.0
commons-lang,org.apache.commons.lang3,WithoutMessage,6.0,0.0,4.0,4.0,0.0,1.0
commons-lang,org.apache.commons.lang3,WithMap,28.0,0.0,8.0,8.0,0.0,1.0
commons-lang,org.apache.commons.lang3,WithMessage,6.0,0.0,4.0,4.0,0.0,1.0
commons-lang,org.apache.commons.lang3,WithoutMessage,6.0,0.0,4.0,4.0,0.0,1.0
commons-lang,org.apache.commons.lang3,NotNaN,28.0,0.0,8.0,8.0,0.0,1.0
commons-lang,org.apache.commons.lang3,WithMessage,6.0,0.0,4.0,4.0,0.0,1.0
commons-lang,org.apache.commons.lang3,WithoutMessage,6.0,0.0,4.0,4.0,0.0,1.0
commons-lang,org.apache.commons.lang3,NotNull,15.0,0.0,6.0,6.0,0.0,1.0
commons-lang,org.apache.commons.lang3,WithMessage,3.0,0.0,3.0,3.0,0.0,1.0
commons-lang,org.apache.commons.lang3,WithoutMessage,3.0,0.0,3.0,3.0,0.0,1.0
commons-lang,org.apache.commons.lang3,UtilClassConventions,6.0,0.0,4.0,4.0,0.0,1.0
commons-lang,org.apache.commons.lang3,ValidIndex,435.0,0.0,30.0,30.0,0.0,1.0
commons-lang,org.apache.commons.lang3,WithArray,45.0,0.0,10.0,10.0,0.0,1.0
commons-lang,org.apache.commons.lang3,WithMessage,10.0,0.0,5.0,5.0,0.0,1.0
commons-lang,org.apache.commons.lang3,WithoutMessage,10.0,0.0,5.0,5.0,0.0,1.0
commons-lang,org.apache.commons.lang3,WithCharSequence,45.0,0.0,10.0,10.0,0.0,1.0
commons-lang,org.apache.commons.lang3,WithMessage,10.0,0.0,5.0,5.0,0.0,1.0
commons-lang,org.apache.commons.lang3,WithoutMessage,10.0,0.0,5.0,5.0,0.0,1.0
commons-lang,org.apache.commons.lang3,WithCollection,45.0,0.0,10.0,10.0,0.0,1.0
commons-lang,org.apache.commons.lang3,WithMessage,10.0,0.0,5.0,5.0,0.0,1.0
commons-lang,org.apache.commons.lang3,WithoutMessage,10.0,0.0,5.0,5.0,0.0,1.0
commons-lang,org.apache.commons.lang3,ValidState,6.0,0.0,4.0,4.0,0.0,1.0
commons-lang,org.apache.commons.lang3,WithoutMessage,1.0,0.0,2.0,2.0,0.0,1.0
commons-lang,org.apache.commons.lang3,WitMessage,1.0,0.0,2.0,2.0,0.0,1.0
commons-lang,org.apache.commons.lang3,RangeTest,200.0,0.0,8.0,8.0,0.8128078817733989,0.26666666666666666
commons-lang,org.apache.commons.lang3,AbstractComparable,0.0,0.0,1.0,1.0,0.0,0.0
commons-lang,org.apache.commons.lang3,DerivedComparableA,0.0,0.0,0.0,0.0,0.0,-1.0
commons-lang,org.apache.commons.lang3,DerivedComparableB,0.0,0.0,0.0,0.0,0.0,-1.0
commons-lang,org.apache.commons.lang3,AbstractLangTest,0.0,0.0,1.0,1.0,0.0,0.0
commons-lang,org.apache.commons.lang3,ObjectToStringRuntimeException,0.0,0.0,1.0,1.0,-0.0,0.0
commons-lang,org.apache.commons.lang3,CharRangeTest,136.0,0.0,17.0,17.0,0.0,1.0
commons-lang,org.apache.commons.lang3,StringUtilsIsTest,28.0,0.0,8.0,8.0,0.0,1.0
commons-lang,org.apache.commons.lang3,DoubleRangeTest,135.0,0.0,6.0,3.0,0.75,0.1
commons-lang,org.apache.commons.lang3,FunctionsTest,4679.0,4408.0,71.0,71.0,0.9431818181818182,0.63
commons-lang,org.apache.commons.lang3,CloseableObject,3.0,0.0,2.0,2.0,0.3333333333333333,0.5
commons-lang,org.apache.commons.lang3,FailureOnOddInvocations,21.0,0.0,7.0,1.0,1.0,0.0
commons-lang,org.apache.commons.lang3,SomeException,2.0,1.0,2.0,2.0,1.0,0.6666666666666666
commons-lang,org.apache.commons.lang3,Testable,57.0,0.0,1.0,1.0,0.65625,0.0
commons-lang,org.apache.commons.lang3,BooleanUtilsTest,4005.0,0.0,90.0,90.0,0.0,1.0
commons-lang,org.apache.commons.lang3,BitFieldTest,105.0,0.0,15.0,15.0,0.07142857142857142,0.13333333333333333
commons-lang,org.apache.commons.lang3,ArraySorterTest,36.0,0.0,9.0,9.0,0.0,1.0
commons-lang,org.apache.commons.lang3,JavaVersionTest,3.0,0.0,3.0,3.0,0.0,1.0
commons-lang,org.apache.commons.lang3,ArrayUtilsRemoveTest,666.0,0.0,37.0,37.0,0.0,1.0
commons-lang,org.apache.commons.lang3,CharSequenceUtilsTest,302.0,253.0,13.0,10.0,0.8115384615384615,0.37037037037037035
commons-lang,org.apache.commons.lang3,RunTest,1.0,0.0,2.0,1.0,0.0,0.0
commons-lang,org.apache.commons.lang3,TestData,0.0,0.0,1.0,1.0,-0.0,0.0
commons-lang,org.apache.commons.lang3,WrapperString,0.0,0.0,1.0,1.0,-0.0,0.0
commons-lang,org.apache.commons.lang3,HashSetvBitSetTest,15.0,0.0,6.0,3.0,0.8,0.5
commons-lang,org.apache.commons.lang3,StringUtilsStartsEndsWithTest,15.0,0.0,6.0,6.0,0.4,0.5
commons-lang,org.apache.commons.lang3,ArrayUtilsInsertTest,36.0,0.0,9.0,9.0,0.0,1.0
commons-lang,org.apache.commons.lang3,ArchUtilsTest,45.0,0.0,10.0,10.0,0.7777777777777778,0.7
commons-lang,org.apache.commons.lang3,StringUtilsValueOfTest,3.0,0.0,3.0,3.0,0.0,1.0
commons-lang,org.apache.commons.lang3,StringUtilsEqualsIndexOfTest,954.0,918.0,37.0,37.0,0.8954545454545454,0.6666666666666666
commons-lang,org.apache.commons.lang3,CustomCharSequence,0.0,0.0,1.0,1.0,-0.0,0.0
commons-lang,org.apache.commons.lang3,CharUtilsTest,276.0,0.0,24.0,24.0,0.8260869565217391,0.5416666666666666
commons-lang,org.apache.commons.lang3,AnnotationUtilsTest,34.0,13.0,9.0,9.0,0.9444444444444444,0.45454545454545453
commons-lang,org.apache.commons.lang3,None,0.0,0.0,0.0,0.0,0.0,-1.0
commons-lang,org.apache.commons.lang3,ArrayUtilsRemoveMultipleTest,1485.0,0.0,55.0,55.0,0.8518518518518519,0.8545454545454545
commons-lang,org.apache.commons.lang3,Supplementary,0.0,0.0,0.0,0.0,0.0,-1.0
commons-lang,org.apache.commons.lang3,ArrayFillTest,120.0,0.0,16.0,16.0,0.0,1.0
commons-lang,org.apache.commons.lang3,StringUtilsIsMixedCaseTest,36.0,0.0,9.0,5.0,0.875,0.0
commons-lang,org.apache.commons.lang3,RegExUtilsTest,171.0,0.0,19.0,19.0,0.0,1.0
commons-lang,org.apache.commons.lang3,RuntimeEnvironmentTest,3.0,3.0,3.0,2.0,1.0,0.6666666666666666
commons-lang,org.apache.commons.lang3,CharSetUtilsTest,55.0,0.0,11.0,11.0,0.0,1.0
commons-lang,org.apache.commons.lang3,ArrayUtilsSetTest,1.0,0.0,2.0,2.0,0.0,1.0
commons-lang,org.apache.commons.lang3,ArrayUtilsAddTest,231.0,0.0,22.0,22.0,0.0,1.0
commons-lang,org.apache.commons.lang3,AppendableJoinerTest,35.0,34.0,8.0,8.0,0.875,0.8888888888888888
commons-lang,org.apache.commons.lang3,Fixture,0.0,0.0,1.0,1.0,-0.0,0.0
commons-lang,org.apache.commons.lang3,ThreadUtilsTest,629.0,628.0,35.0,35.0,0.9714285714285714,0.9722222222222222
commons-lang,org.apache.commons.lang3,TestThread,5.0,4.0,3.0,3.0,0.6666666666666666,0.75
commons-lang,org.apache.commons.lang3,ClassLoaderUtilsTest,6.0,0.0,4.0,4.0,0.0,1.0
commons-lang,org.apache.commons.lang3,StringUtilsContainsTest,253.0,0.0,23.0,23.0,0.0,1.0
commons-lang,org.apache.commons.lang3,CharEncodingTest,15.0,0.0,6.0,5.0,0.0,0.8333333333333334
commons-lang,org.apache.commons.lang3,ClassNotFoundSerialization,0.0,0.0,1.0,1.0,0.0,0.0
commons-lang,org.apache.commons.lang3,SerializableSupplier,0.0,0.0,0.0,0.0,0.0,-1.0
commons-lang,org.apache.commons.lang3,SerializationUtilsTest,369.0,303.0,19.0,19.0,0.8758620689655172,0.6
commons-lang,org.apache.commons.lang3,StringUtilsTest,13530.0,0.0,165.0,161.0,0.9871456822676336,0.7575757575757576
commons-lang,org.apache.commons.lang3,SystemUtilsTest,325.0,0.0,26.0,24.0,0.0,0.9230769230769231
commons-lang,org.apache.commons.lang3,RandomStringUtilsTest,780.0,0.0,40.0,39.0,0.6923076923076923,0.675
commons-lang,org.apache.commons.lang3,SystemPropertiesTest,1275.0,0.0,51.0,47.0,0.0,0.9215686274509803
commons-lang,org.apache.commons.lang3,LocaleUtilsTest,351.0,0.0,27.0,11.0,0.901098901098901,0.3333333333333333
commons-lang,org.apache.commons.lang3,StringEscapeUtilsTest,703.0,0.0,38.0,32.0,0.9864864864864865,0.8157894736842105
commons-lang,org.apache.commons.lang3,StringsTest,28.0,0.0,8.0,8.0,0.0,1.0
commons-lang,org.apache.commons.lang3,CharUtilsPerfRun,21.0,0.0,7.0,1.0,0.8888888888888888,0.0
commons-lang,org.apache.commons.lang3,StringUtilsTrimStripTest,120.0,0.0,16.0,16.0,0.8,0.8125
commons-lang,org.apache.commons.lang3,StringUtilsSubstringTest,136.0,0.0,17.0,17.0,0.925,0.7647058823529411
commons-lang,org.apache.commons.lang3,ClassUtilsTest,2415.0,0.0,70.0,64.0,0.9565217391304348,0.8714285714285714
commons-lang,org.apache.commons.lang3,CX,0.0,0.0,0.0,0.0,0.0,-1.0
commons-lang,org.apache.commons.lang3,CY,0.0,0.0,0.0,0.0,0.0,-1.0
commons-lang,org.apache.commons.lang3,IA,0.0,0.0,0.0,0.0,0.0,-1.0
commons-lang,org.apache.commons.lang3,IB,0.0,0.0,0.0,0.0,0.0,-1.0
commons-lang,org.apache.commons.lang3,IC,0.0,0.0,0.0,0.0,0.0,-1.0
commons-lang,org.apache.commons.lang3,ID,0.0,0.0,0.0,0.0,0.0,-1.0
commons-lang,org.apache.commons.lang3,IE,0.0,0.0,0.0,0.0,0.0,-1.0
commons-lang,org.apache.commons.lang3,IF,0.0,0.0,0.0,0.0,0.0,-1.0
commons-lang,org.apache.commons.lang3,Inner,0.0,0.0,0.0,0.0,0.0,-1.0
commons-lang,org.apache.commons.lang3,DeeplyNested,0.0,0.0,0.0,0.0,0.0,-1.0
commons-lang,org.apache.commons.lang3,Named,0.0,0.0,0.0,0.0,0.0,-1.0
commons-lang,org.apache.commons.lang3,Named,0.0,0.0,0.0,0.0,0.0,-1.0
commons-lang,org.apache.commons.lang3,Named,0.0,0.0,0.0,0.0,0.0,-1.0
commons-lang,org.apache.commons.lang3,Named,0.0,0.0,0.0,0.0,0.0,-1.0
commons-lang,org.apache.commons.lang3,Named,0.0,0.0,0.0,0.0,0.0,-1.0
commons-lang,org.apache.commons.lang3,Named,0.0,0.0,0.0,0.0,0.0,-1.0
commons-lang,org.apache.commons.lang3,Named,0.0,0.0,0.0,0.0,0.0,-1.0
commons-lang,org.apache.commons.lang3,Named,0.0,0.0,0.0,0.0,0.0,-1.0
commons-lang,org.apache.commons.lang3,Named,0.0,0.0,0.0,0.0,0.0,-1.0
commons-lang,org.apache.commons.lang3,Named,0.0,0.0,0.0,0.0,0.0,-1.0
commons-lang,org.apache.commons.lang3,Named,0.0,0.0,0.0,0.0,0.0,-1.0
commons-lang,org.apache.commons.lang3,Named,0.0,0.0,0.0,0.0,0.0,-1.0
commons-lang,org.apache.commons.lang3,CachedRandomBitsTest,2.0,1.0,2.0,2.0,0.8333333333333334,0.6666666666666666
commons-lang,org.apache.commons.lang3,MockRandom,0.0,0.0,1.0,1.0,0.6666666666666667,0.0
commons-lang,org.apache.commons.lang3,EnumUtilsTest,1128.0,0.0,48.0,48.0,0.0,1.0
commons-lang,org.apache.commons.lang3,IntegerRangeTest,140.0,0.0,6.0,3.0,0.75,0.0967741935483871
commons-lang,org.apache.commons.lang3,NotImplementedExceptionTest,1.0,0.0,2.0,1.0,0.0,0.0
commons-lang,org.apache.commons.lang3,StreamsTest,45.0,0.0,10.0,8.0,0.0,0.8
commons-lang,org.apache.commons.lang3,ClassPathUtilsTest,105.0,0.0,15.0,15.0,0.0,1.0
commons-lang,org.apache.commons.lang3,ObjectUtilsTest,2135.0,2125.0,62.0,62.0,0.9646153846153847,0.7575757575757576
commons-lang,org.apache.commons.lang3,CharSequenceComparator,0.0,0.0,1.0,1.0,0.0,0.0
commons-lang,org.apache.commons.lang3,CloneableString,1.0,0.0,2.0,2.0,2.0,1.0
commons-lang,org.apache.commons.lang3,NonComparableCharSequence,0.0,0.0,1.0,1.0,-0.0,0.0
commons-lang,org.apache.commons.lang3,UncloneableString,0.0,0.0,1.0,1.0,0.0,0.0
commons-lang,org.apache.commons.lang3,ClassUtilsOssFuzzTest,1.0,0.0,2.0,2.0,0.0,1.0
commons-lang,org.apache.commons.lang3,CharsetsTest,3.0,0.0,3.0,3.0,0.0,1.0
commons-lang,org.apache.commons.lang3.event,EventListenerSupport,146.0,121.0,10.0,6.0,0.8999999999999999,0.3157894736842105
commons-lang,org.apache.commons.lang3.event,ProxyInvocationHandler,5.0,4.0,3.0,2.0,0.6666666666666666,0.5
commons-lang,org.apache.commons.lang3.event,EventUtils,9.0,3.0,3.0,3.0,0.4666666666666667,0.5
commons-lang,org.apache.commons.lang3.event,EventBindingInvocationHandler,0.0,0.0,1.0,1.0,0.16666666666666674,0.0
commons-lang,org.apache.commons.lang3.event,EventUtilsTest,236.0,219.0,17.0,17.0,0.9545454545454546,0.6521739130434783
commons-lang,org.apache.commons.lang3.event,EventCounter,0.0,0.0,1.0,1.0,-0.0,0.0
commons-lang,org.apache.commons.lang3.event,EventCounterWithEvent,0.0,0.0,1.0,1.0,-0.0,0.0
commons-lang,org.apache.commons.lang3.event,EventCountingInvocationHandler,2.0,1.0,2.0,2.0,0.5,0.6666666666666666
commons-lang,org.apache.commons.lang3.event,ExceptionEventSource,0.0,0.0,1.0,1.0,0.0,0.0
commons-lang,org.apache.commons.lang3.event,MultipleEventListener,1.0,0.0,2.0,2.0,0.0,-1.0
commons-lang,org.apache.commons.lang3.event,MultipleEventSource,0.0,0.0,1.0,1.0,0.0,0.0
commons-lang,org.apache.commons.lang3.event,PropertyChangeSource,3.0,0.0,2.0,2.0,0.6666666666666666,0.5
commons-lang,org.apache.commons.lang3.event,EventListenerSupportTest,171.0,0.0,19.0,17.0,1.0,0.8947368421052632
commons-lang,org.apache.commons.lang3.math,Fraction,332.0,103.0,12.0,1.0,0.9494949494949495,0.0
commons-lang,org.apache.commons.lang3.math,IEEE754rUtils,78.0,0.0,13.0,9.0,0.0,0.6923076923076923
commons-lang,org.apache.commons.lang3.math,NumberUtils,2211.0,0.0,67.0,28.0,1.0122655122655122,0.417910447761194
commons-lang,org.apache.commons.lang3.math,IEEE754rUtilsTest,3.0,0.0,3.0,3.0,0.0,1.0
commons-lang,org.apache.commons.lang3.math,FractionTest,325.0,0.0,26.0,26.0,1.0,1.0
commons-lang,org.apache.commons.lang3.math,NumberUtilsTest,9591.0,0.0,139.0,104.0,0.0,0.7482014388489209
commons-lang,org.apache.commons.lang3.tuple,MutableTriple,31.0,7.0,3.0,3.0,0.78,0.2727272727272727
commons-lang,org.apache.commons.lang3.tuple,MutablePair,38.0,21.0,5.0,4.0,0.825,0.36363636363636365
commons-lang,org.apache.commons.lang3.tuple,Pair,120.0,0.0,16.0,6.0,1.0333333333333334,0.375
commons-lang,org.apache.commons.lang3.tuple,ImmutablePair,38.0,21.0,5.0,3.0,0.86,0.2727272727272727
commons-lang,org.apache.commons.lang3.tuple,Triple,66.0,0.0,12.0,5.0,1.0454545454545454,0.4166666666666667
commons-lang,org.apache.commons.lang3.tuple,ImmutableTriple,16.0,4.0,3.0,2.0,0.8095238095238094,0.25
commons-lang,org.apache.commons.lang3.tuple,MutableTripleTest,55.0,0.0,11.0,11.0,0.0,1.0
commons-lang,org.apache.commons.lang3.tuple,ImmutablePairTest,276.0,0.0,24.0,24.0,0.0,1.0
commons-lang,org.apache.commons.lang3.tuple,TripleTest,78.0,0.0,13.0,13.0,0.0,1.0
commons-lang,org.apache.commons.lang3.tuple,ImmutableTripleTest,136.0,0.0,17.0,17.0,0.0,1.0
commons-lang,org.apache.commons.lang3.tuple,PairTest,465.0,0.0,31.0,29.0,0.0,0.9354838709677419
commons-lang,org.apache.commons.lang3.tuple,MutablePairTest,66.0,0.0,12.0,12.0,0.0,1.0
commons-lang,org.apache.commons.lang3.compare,ComparableUtils,112.0,34.0,8.0,8.0,0.3684210526315789,0.4
commons-lang,org.apache.commons.lang3.compare,ComparableCheckBuilder,30.0,15.0,5.0,1.0,0.4444444444444444,0.0
commons-lang,org.apache.commons.lang3.compare,ObjectToStringComparator,1.0,0.0,2.0,2.0,2.0,1.0
commons-lang,org.apache.commons.lang3.compare,ComparableUtilsTest,127.0,0.0,13.0,13.0,0.8209134615384616,0.046153846153846156
commons-lang,org.apache.commons.lang3.compare,A_is_1,0.0,0.0,11.0,11.0,0.815136476426799,0.0
commons-lang,org.apache.commons.lang3.compare,B_is_0,0.0,0.0,3.0,3.0,0.6375,0.0
commons-lang,org.apache.commons.lang3.compare,C_is_0,0.0,0.0,1.0,1.0,-0.0,0.0
commons-lang,org.apache.commons.lang3.compare,C_is_1,0.0,0.0,1.0,1.0,-0.0,0.0
commons-lang,org.apache.commons.lang3.compare,C_is_10,0.0,0.0,1.0,1.0,-0.0,0.0
commons-lang,org.apache.commons.lang3.compare,B_is_1,0.0,0.0,3.0,3.0,0.6375,0.0
commons-lang,org.apache.commons.lang3.compare,C_is_0,0.0,0.0,1.0,1.0,-0.0,0.0
commons-lang,org.apache.commons.lang3.compare,C_is_1,0.0,0.0,1.0,1.0,-0.0,0.0
commons-lang,org.apache.commons.lang3.compare,C_is_10,0.0,0.0,1.0,1.0,-0.0,0.0
commons-lang,org.apache.commons.lang3.compare,B_is_10,0.0,0.0,3.0,3.0,0.6375,0.0
commons-lang,org.apache.commons.lang3.compare,C_is_0,0.0,0.0,1.0,1.0,-0.0,0.0
commons-lang,org.apache.commons.lang3.compare,C_is_1,0.0,0.0,1.0,1.0,-0.0,0.0
commons-lang,org.apache.commons.lang3.compare,C_is_10,0.0,0.0,1.0,1.0,-0.0,0.0
commons-lang,org.apache.commons.lang3.compare,ObjectToStringComparatorTest,0.0,0.0,1.0,1.0,-0.0,0.0
commons-lang,org.apache.commons.lang3.compare,Thing,0.0,0.0,1.0,1.0,-0.0,0.0
commons-lang,org.apache.commons.lang3.builder,MultilineRecursiveToStringStyle,13.0,0.0,2.0,1.0,0.43589743589743585,0.0
commons-lang,org.apache.commons.lang3.builder,Builder,0.0,0.0,1.0,1.0,0.0,-1.0
commons-lang,org.apache.commons.lang3.builder,ReflectionToStringBuilder,553.0,511.0,19.0,9.0,0.9166666666666667,0.05714285714285714
commons-lang,org.apache.commons.lang3.builder,Diffable,0.0,0.0,1.0,1.0,0.0,-1.0
commons-lang,org.apache.commons.lang3.builder,ToStringBuilder,346.0,0.0,4.0,1.0,0.5483870967741935,0.0
commons-lang,org.apache.commons.lang3.builder,DiffBuilder,422.0,178.0,8.0,8.0,0.9185185185185186,0.10810810810810811
commons-lang,org.apache.commons.lang3.builder,Builder,16.0,11.0,2.0,2.0,0.8333333333333334,0.2857142857142857
commons-lang,org.apache.commons.lang3.builder,SDiff,1.0,0.0,1.0,1.0,0.8333333333333334,0.0
commons-lang,org.apache.commons.lang3.builder,SerializableSupplier,0.0,0.0,0.0,0.0,0.0,-1.0
commons-lang,org.apache.commons.lang3.builder,DiffResult,17.0,0.0,1.0,1.0,0.75,0.0
commons-lang,org.apache.commons.lang3.builder,StandardToStringStyle,820.0,0.0,41.0,41.0,1.025,1.0
commons-lang,org.apache.commons.lang3.builder,IDKey,0.0,0.0,1.0,1.0,0.25,0.0
commons-lang,org.apache.commons.lang3.builder,RecursiveToStringStyle,6.0,0.0,4.0,3.0,1.3333333333333333,0.75
commons-lang,org.apache.commons.lang3.builder,ToStringStyle,10703.0,10528.0,95.0,34.0,0.9886008457437029,0.22972972972972974
commons-lang,org.apache.commons.lang3.builder,DefaultToStringStyle,1.0,0.0,2.0,2.0,2.0,1.0
commons-lang,org.apache.commons.lang3.builder,JsonToStringStyle,253.0,0.0,23.0,5.0,1.0227272727272727,0.21739130434782608
commons-lang,org.apache.commons.lang3.builder,MultiLineToStringStyle,1.0,0.0,2.0,2.0,2.0,1.0
commons-lang,org.apache.commons.lang3.builder,NoClassNameToStringStyle,1.0,0.0,2.0,2.0,2.0,1.0
commons-lang,org.apache.commons.lang3.builder,NoFieldNameToStringStyle,1.0,0.0,2.0,2.0,2.0,1.0
commons-lang,org.apache.commons.lang3.builder,ShortPrefixToStringStyle,1.0,0.0,2.0,2.0,2.0,1.0
commons-lang,org.apache.commons.lang3.builder,SimpleToStringStyle,1.0,0.0,2.0,2.0,2.0,1.0
commons-lang,org.apache.commons.lang3.builder,HashCodeBuilder,435.0,204.0,16.0,7.0,0.7611111111111111,0.16216216216216217
commons-lang,org.apache.commons.lang3.builder,Diff,7.0,0.0,2.0,2.0,0.7333333333333333,0.3333333333333333
commons-lang,org.apache.commons.lang3.builder,Reflection,0.0,0.0,1.0,1.0,0.0,0.0
commons-lang,org.apache.commons.lang3.builder,CompareToBuilder,234.0,3.0,10.0,5.0,0.3,0.16129032258064516
commons-lang,org.apache.commons.lang3.builder,ReflectionDiffBuilder,79.0,38.0,7.0,6.0,0.8333333333333334,0.25
commons-lang,org.apache.commons.lang3.builder,Builder,4.0,2.0,2.0,2.0,0.6666666666666666,0.5
commons-lang,org.apache.commons.lang3.builder,EqualsBuilder,506.0,151.0,7.0,1.0,0.8536585365853658,0.0
commons-lang,org.apache.commons.lang3.builder,AbstractSupplier,1.0,0.0,2.0,2.0,0.0,1.0
commons-lang,org.apache.commons.lang3.builder,ConversionTest,3.0,0.0,3.0,3.0,0.0,1.0
commons-lang,org.apache.commons.lang3.builder,NoFieldNamesToStringStyleTest,33.0,0.0,4.0,4.0,0.25,0.3076923076923077
commons-lang,org.apache.commons.lang3.builder,StandardToStringStyleTest,186.0,141.0,13.0,13.0,0.6984126984126985,0.5454545454545454
commons-lang,org.apache.commons.lang3.builder,ReflectionToStringBuilderExcludeNullValuesTest,5.0,0.0,2.0,2.0,0.55,0.3333333333333333
commons-lang,org.apache.commons.lang3.builder,TestFixture,0.0,0.0,1.0,1.0,0.0,0.0
commons-lang,org.apache.commons.lang3.builder,ReflectionToStringBuilderIncludeTest,253.0,0.0,28.0,8.0,0.9586776859504131,0.0
commons-lang,org.apache.commons.lang3.builder,TestFeature,0.0,0.0,5.0,5.0,0.0,-1.0
commons-lang,org.apache.commons.lang3.builder,DiffTest,21.0,0.0,7.0,7.0,0.8333333333333334,0.5714285714285714
commons-lang,org.apache.commons.lang3.builder,BooleanDiff,3.0,0.0,3.0,3.0,1.5,1.0
commons-lang,org.apache.commons.lang3.builder,DiffBuilderTest,937.0,884.0,18.0,18.0,0.9634387351778656,0.26666666666666666
commons-lang,org.apache.commons.lang3.builder,NestedTypeTestClass,3.0,3.0,3.0,3.0,1.0,1.0
commons-lang,org.apache.commons.lang3.builder,TypeTestClass,3.0,3.0,3.0,3.0,1.0,1.0
commons-lang,org.apache.commons.lang3.builder,SimpleToStringStyleTest,33.0,0.0,4.0,4.0,0.25,0.3076923076923077
commons-lang,org.apache.commons.lang3.builder,ShortPrefixToStringStyleTest,33.0,0.0,4.0,4.0,0.25,0.3076923076923077
commons-lang,org.apache.commons.lang3.builder,TestClassBuilder,3.0,0.0,3.0,2.0,0.0,0.6666666666666666
commons-lang,org.apache.commons.lang3.builder,DynamicClassLoader,0.0,0.0,1.0,1.0,0.0,0.0
commons-lang,org.apache.commons.lang3.builder,ReflectionToStringBuilderTest,0.0,0.0,1.0,1.0,0.0,0.0
commons-lang,org.apache.commons.lang3.builder,DiffResultTest,88.0,85.0,12.0,12.0,0.6538461538461539,0.2857142857142857
commons-lang,org.apache.commons.lang3.builder,EmptyClass,0.0,0.0,0.0,0.0,0.0,-1.0
commons-lang,org.apache.commons.lang3.builder,SimpleClass,2.0,1.0,2.0,1.0,0.5,0.0
commons-lang,org.apache.commons.lang3.builder,EqualsBuilderReflectJreImplementationTest,253.0,100.0,13.0,13.0,0.9383116883116883,0.10344827586206896
commons-lang,org.apache.commons.lang3.builder,MyCharSequence,0.0,0.0,1.0,1.0,-0.0,0.0
commons-lang,org.apache.commons.lang3.builder,MyClass,0.0,0.0,1.0,1.0,0.16666666666666674,0.0
commons-lang,org.apache.commons.lang3.builder,MyTemporal,0.0,0.0,1.0,1.0,0.7142857142857143,0.0
commons-lang,org.apache.commons.lang3.builder,MyTemporalAccessor,0.0,0.0,1.0,1.0,0.6,0.0
commons-lang,org.apache.commons.lang3.builder,MyTemporalAmount,0.0,0.0,1.0,1.0,0.6799999999999999,0.0
commons-lang,org.apache.commons.lang3.builder,IDKeyTest,0.0,0.0,1.0,1.0,0.0,0.0
commons-lang,org.apache.commons.lang3.builder,MultilineRecursiveToStringStyleTest,207.0,204.0,22.0,6.0,0.9710526315789474,0.09523809523809523
commons-lang,org.apache.commons.lang3.builder,Account,0.0,0.0,2.0,2.0,0.0,0.0
commons-lang,org.apache.commons.lang3.builder,Bank,0.0,0.0,1.0,1.0,0.0,0.0
commons-lang,org.apache.commons.lang3.builder,Customer,0.0,0.0,3.0,3.0,0.0,0.0
commons-lang,org.apache.commons.lang3.builder,Transaction,0.0,0.0,1.0,1.0,0.0,0.0
commons-lang,org.apache.commons.lang3.builder,WithArrays,0.0,0.0,9.0,9.0,0.0,-1.0
commons-lang,org.apache.commons.lang3.builder,ReflectionToStringBuilderCustomImplementationTest,3.0,0.0,4.0,4.0,1.25,1.0
commons-lang,org.apache.commons.lang3.builder,CustomReflectionToStringBuilder,1.0,0.0,2.0,2.0,1.0,1.0
commons-lang,org.apache.commons.lang3.builder,ToStringStyleConcurrencyTest,9.0,8.0,4.0,1.0,1.0,0.0
commons-lang,org.apache.commons.lang3.builder,CollectionHolder,0.0,0.0,1.0,1.0,0.0,0.0
commons-lang,org.apache.commons.lang3.builder,ReflectionToStringBuilderConcurrencyTest,9.0,8.0,4.0,1.0,0.9166666666666667,0.0
commons-lang,org.apache.commons.lang3.builder,CollectionHolder,0.0,0.0,1.0,1.0,0.0,0.0
commons-lang,org.apache.commons.lang3.builder,NoClassNameToStringStyleTest,33.0,0.0,4.0,4.0,0.25,0.3076923076923077
commons-lang,org.apache.commons.lang3.builder,HashCodeBuilderAndEqualsBuilderTest,56.0,46.0,13.0,6.0,0.9181818181818181,0.0
commons-lang,org.apache.commons.lang3.builder,AllTransientFixture,0.0,0.0,1.0,1.0,0.0,0.0
commons-lang,org.apache.commons.lang3.builder,SubAllTransientFixture,0.0,0.0,1.0,1.0,0.0,0.0
commons-lang,org.apache.commons.lang3.builder,SubTestFixture,0.0,0.0,1.0,1.0,0.0,0.0
commons-lang,org.apache.commons.lang3.builder,TestFixture,0.0,0.0,1.0,1.0,0.0,0.0
commons-lang,org.apache.commons.lang3.builder,MultiLineToStringStyleTest,33.0,0.0,4.0,4.0,0.25,0.3076923076923077
commons-lang,org.apache.commons.lang3.builder,JsonToStringStyleTest,787.0,539.0,19.0,19.0,0.9234567901234568,0.3695652173913043
commons-lang,org.apache.commons.lang3.builder,AcademyClass,8.0,6.0,3.0,3.0,0.75,0.6
commons-lang,org.apache.commons.lang3.builder,InnerMapObject,0.0,0.0,2.0,2.0,0.0,-1.0
commons-lang,org.apache.commons.lang3.builder,NestingPerson,0.0,0.0,2.0,2.0,0.0,-1.0
commons-lang,org.apache.commons.lang3.builder,Student,2.0,1.0,2.0,2.0,0.5,0.6666666666666666
commons-lang,org.apache.commons.lang3.builder,Teacher,2.0,1.0,2.0,2.0,0.5,0.6666666666666666
commons-lang,org.apache.commons.lang3.builder,ReflectionToStringBuilderMutateInspectConcurrencyTest,17.0,6.0,4.0,4.0,0.8333333333333334,0.25
commons-lang,org.apache.commons.lang3.builder,InspectingClient,0.0,0.0,1.0,1.0,-0.0,0.0
commons-lang,org.apache.commons.lang3.builder,MutatingClient,0.0,0.0,1.0,1.0,0.5,0.0
commons-lang,org.apache.commons.lang3.builder,TestFixture,0.0,0.0,1.0,1.0,0.16666666666666674,0.0
commons-lang,org.apache.commons.lang3.builder,ReflectionToStringBuilderExcludeWithAnnotationTest,0.0,0.0,3.0,3.0,0.0,0.0
commons-lang,org.apache.commons.lang3.builder,TestFixture,0.0,0.0,2.0,2.0,0.0,-1.0
commons-lang,org.apache.commons.lang3.builder,HashCodeBuilderTest,2082.0,2019.0,59.0,59.0,0.9884615384615385,0.803030303030303
commons-lang,org.apache.commons.lang3.builder,ReflectionTestCycleA,1.0,0.0,3.0,3.0,2.0,1.0
commons-lang,org.apache.commons.lang3.builder,ReflectionTestCycleB,1.0,0.0,3.0,3.0,2.0,1.0
commons-lang,org.apache.commons.lang3.builder,TestObject,0.0,0.0,1.0,1.0,-0.0,0.0
commons-lang,org.apache.commons.lang3.builder,TestObjectHashCodeExclude,1.0,0.0,1.0,1.0,0.5,0.0
commons-lang,org.apache.commons.lang3.builder,TestObjectHashCodeExclude2,1.0,0.0,1.0,1.0,0.5,0.0
commons-lang,org.apache.commons.lang3.builder,TestObjectWithMultipleFields,0.0,0.0,1.0,1.0,0.0,0.0
commons-lang,org.apache.commons.lang3.builder,TestSubObject,3.0,0.0,2.0,2.0,0.6666666666666666,0.5
commons-lang,org.apache.commons.lang3.builder,CompareToBuilderTest,1922.0,1891.0,54.0,48.0,0.9516129032258065,0.7619047619047619
commons-lang,org.apache.commons.lang3.builder,TestObject,0.0,0.0,1.0,1.0,-0.0,0.0
commons-lang,org.apache.commons.lang3.builder,TestSubObject,3.0,0.0,2.0,2.0,0.3333333333333333,0.5
commons-lang,org.apache.commons.lang3.builder,TestTransientSubObject,0.0,0.0,1.0,1.0,0.0,0.0
commons-lang,org.apache.commons.lang3.builder,ToStringBuilderTest,4780.0,3344.0,66.0,31.0,0.972007722007722,0.17857142857142858
commons-lang,org.apache.commons.lang3.builder,InheritedReflectionStaticFieldsFixture,0.0,0.0,0.0,0.0,0.0,-1.0
commons-lang,org.apache.commons.lang3.builder,MultiLineTestObject,0.0,0.0,1.0,1.0,0.0,0.0
commons-lang,org.apache.commons.lang3.builder,ObjectCycle,0.0,0.0,1.0,1.0,0.0,0.0
commons-lang,org.apache.commons.lang3.builder,Outer,1.0,0.0,3.0,3.0,2.0,1.0
commons-lang,org.apache.commons.lang3.builder,Inner,0.0,0.0,1.0,1.0,0.0,0.0
commons-lang,org.apache.commons.lang3.builder,ReflectionStaticFieldsFixture,0.0,0.0,4.0,4.0,0.0,-1.0
commons-lang,org.apache.commons.lang3.builder,ReflectionTestCycleA,0.0,0.0,2.0,2.0,0.0,0.0
commons-lang,org.apache.commons.lang3.builder,ReflectionTestCycleB,0.0,0.0,2.0,2.0,0.0,0.0
commons-lang,org.apache.commons.lang3.builder,ReflectionTestFixtureA,0.0,0.0,2.0,2.0,0.0,-1.0
commons-lang,org.apache.commons.lang3.builder,ReflectionTestFixtureB,0.0,0.0,2.0,2.0,0.0,-1.0
commons-lang,org.apache.commons.lang3.builder,SelfInstanceTwoVarsReflectionTestFixture,3.0,3.0,3.0,3.0,1.0,1.0
commons-lang,org.apache.commons.lang3.builder,SelfInstanceVarReflectionTestFixture,1.0,1.0,2.0,2.0,1.0,1.0
commons-lang,org.apache.commons.lang3.builder,SimpleReflectionStaticFieldsFixture,0.0,0.0,0.0,0.0,0.0,-1.0
commons-lang,org.apache.commons.lang3.builder,SimpleReflectionTestFixture,3.0,3.0,3.0,3.0,1.0,1.0
commons-lang,org.apache.commons.lang3.builder,DefaultToStringStyleTest,33.0,0.0,4.0,4.0,0.25,0.3076923076923077
commons-lang,org.apache.commons.lang3.builder,ToStringStyleTest,66.0,0.0,15.0,15.0,1.0909090909090908,1.0
commons-lang,org.apache.commons.lang3.builder,Person,0.0,0.0,3.0,3.0,0.0,-1.0
commons-lang,org.apache.commons.lang3.builder,ToStringStyleImpl,0.0,0.0,0.0,0.0,0.0,-1.0
commons-lang,org.apache.commons.lang3.builder,ReflectionToStringBuilderSummaryTest,0.0,0.0,3.0,3.0,0.0,0.0
commons-lang,org.apache.commons.lang3.builder,ReflectionDiffBuilderTest,207.0,204.0,34.0,34.0,1.0185185185185186,0.6666666666666666
commons-lang,org.apache.commons.lang3.builder,TypeTestChildClass,0.0,0.0,1.0,1.0,0.0,-1.0
commons-lang,org.apache.commons.lang3.builder,TypeTestClass,9.0,8.0,27.0,27.0,1.23,0.8
commons-lang,org.apache.commons.lang3.builder,ReflectionToStringBuilderExcludeTest,91.0,0.0,16.0,3.0,0.9871794871794872,0.0
commons-lang,org.apache.commons.lang3.builder,TestFixture,0.0,0.0,2.0,2.0,0.0,-1.0
commons-lang,org.apache.commons.lang3.builder,EqualsBuilderTest,5682.0,5369.0,79.0,76.0,0.9841534612176813,0.6
commons-lang,org.apache.commons.lang3.builder,TestACanEqualB,0.0,0.0,1.0,1.0,-0.0,0.0
commons-lang,org.apache.commons.lang3.builder,TestBCanEqualA,0.0,0.0,1.0,1.0,-0.0,0.0
commons-lang,org.apache.commons.lang3.builder,TestEmptySubObject,0.0,0.0,1.0,1.0,0.0,0.0
commons-lang,org.apache.commons.lang3.builder,TestObject,5.0,0.0,2.0,2.0,0.2,0.3333333333333333
commons-lang,org.apache.commons.lang3.builder,TestObjectEqualsExclude,1.0,0.0,1.0,1.0,0.5,0.0
commons-lang,org.apache.commons.lang3.builder,TestObjectReference,5.0,4.0,3.0,3.0,0.8333333333333334,0.75
commons-lang,org.apache.commons.lang3.builder,TestObjectWithMultipleFields,0.0,0.0,1.0,1.0,0.0,0.0
commons-lang,org.apache.commons.lang3.builder,TestRecursiveCycleObject,2.0,0.0,1.0,1.0,0.375,0.0
commons-lang,org.apache.commons.lang3.builder,TestRecursiveGenericObject,0.0,0.0,1.0,1.0,-0.0,0.0
commons-lang,org.apache.commons.lang3.builder,TestRecursiveInnerObject,0.0,0.0,1.0,1.0,-0.0,0.0
commons-lang,org.apache.commons.lang3.builder,TestRecursiveObject,3.0,0.0,1.0,1.0,0.6666666666666666,0.0
commons-lang,org.apache.commons.lang3.builder,TestSubObject,5.0,0.0,2.0,2.0,0.2,0.3333333333333333
commons-lang,org.apache.commons.lang3.builder,TestTSubObject,0.0,0.0,1.0,1.0,0.0,0.0
commons-lang,org.apache.commons.lang3.builder,TestTSubObject2,0.0,0.0,1.0,1.0,-0.0,0.0
commons-lang,org.apache.commons.lang3.builder,TestTTLeafObject,0.0,0.0,1.0,1.0,0.0,0.0
commons-lang,org.apache.commons.lang3.builder,TestTTSubObject,0.0,0.0,1.0,1.0,0.0,0.0
commons-lang,org.apache.commons.lang3.builder,RecursiveToStringStyleTest,24.0,3.0,4.0,4.0,0.8095238095238095,0.4
commons-lang,org.apache.commons.lang3.builder,Job,0.0,0.0,1.0,1.0,0.0,-1.0
commons-lang,org.apache.commons.lang3.builder,Person,0.0,0.0,4.0,4.0,0.0,-1.0
commons-lang,org.apache.commons.lang3.arch,Processor,62.0,19.0,3.0,3.0,0.7678571428571429,0.13333333333333333
commons-lang,org.apache.commons.lang3.time,CalendarUtils,78.0,0.0,5.0,2.0,0.7407407407407407,0.10526315789473684
commons-lang,org.apache.commons.lang3.time,DurationFormatUtils,160.0,130.0,12.0,2.0,0.8982456140350877,0.1
commons-lang,org.apache.commons.lang3.time,Token,6.0,0.0,1.0,1.0,0.7142857142857143,0.0
commons-lang,org.apache.commons.lang3.time,GmtTimeZone,36.0,17.0,5.0,4.0,0.8666666666666666,0.36363636363636365
commons-lang,org.apache.commons.lang3.time,FastTimeZone,15.0,0.0,6.0,3.0,0.9,0.3333333333333333
commons-lang,org.apache.commons.lang3.time,FastDateFormat,680.0,499.0,20.0,19.0,0.9024390243902439,0.09523809523809523
commons-lang,org.apache.commons.lang3.time,FastDateParser,1646.0,1339.0,25.0,21.0,0.9737026647966339,0.25396825396825395
commons-lang,org.apache.commons.lang3.time,CaseInsensitiveTextStrategy,0.0,0.0,1.0,1.0,-0.0,0.0
commons-lang,org.apache.commons.lang3.time,CopyQuotedStrategy,3.0,0.0,2.0,2.0,0.3333333333333333,0.5
commons-lang,org.apache.commons.lang3.time,ISO8601TimeZoneStrategy,3.0,0.0,3.0,3.0,1.0,1.0
commons-lang,org.apache.commons.lang3.time,NumberStrategy,7.0,4.0,3.0,2.0,0.5,0.4
commons-lang,org.apache.commons.lang3.time,PatternStrategy,12.0,9.0,4.0,2.0,0.6,0.3333333333333333
commons-lang,org.apache.commons.lang3.time,Strategy,1.0,0.0,2.0,2.0,0.0,1.0
commons-lang,org.apache.commons.lang3.time,StrategyAndWidth,0.0,0.0,1.0,1.0,-0.0,0.0
commons-lang,org.apache.commons.lang3.time,StrategyParser,2.0,0.0,1.0,1.0,0.5,0.0
commons-lang,org.apache.commons.lang3.time,TimeZoneStrategy,4.0,0.0,1.0,1.0,0.75,0.0
commons-lang,org.apache.commons.lang3.time,TzInfo,0.0,0.0,1.0,1.0,-0.0,0.0
commons-lang,org.apache.commons.lang3.time,DateUtils,2013.0,2010.0,62.0,16.0,1.0,0.25
commons-lang,org.apache.commons.lang3.time,DateIterator,3.0,0.0,2.0,2.0,0.3333333333333333,0.5
commons-lang,org.apache.commons.lang3.time,AbstractFormatCache,61.0,56.0,9.0,7.0,0.9454545454545454,0.5833333333333334
commons-lang,org.apache.commons.lang3.time,ArrayKey,1.0,0.0,1.0,1.0,0.3333333333333333,0.0
commons-lang,org.apache.commons.lang3.time,DateFormatUtils,153.0,0.0,18.0,3.0,1.0431372549019609,0.16666666666666666
commons-lang,org.apache.commons.lang3.time,DurationUtils,78.0,0.0,13.0,8.0,1.0,0.6153846153846154
commons-lang,org.apache.commons.lang3.time,DateParser,28.0,0.0,8.0,8.0,0.0,-1.0
commons-lang,org.apache.commons.lang3.time,FastDatePrinter,4094.0,3628.0,40.0,31.0,0.9802005012531328,0.19791666666666666
commons-lang,org.apache.commons.lang3.time,CharacterLiteral,2.0,1.0,2.0,2.0,0.5,0.6666666666666666
commons-lang,org.apache.commons.lang3.time,DayInWeekField,0.0,0.0,1.0,1.0,-0.0,0.0
commons-lang,org.apache.commons.lang3.time,Iso8601_Rule,3.0,0.0,2.0,2.0,0.8333333333333334,0.5
commons-lang,org.apache.commons.lang3.time,NumberRule,0.0,0.0,1.0,1.0,0.0,-1.0
commons-lang,org.apache.commons.lang3.time,PaddedNumberField,2.0,0.0,1.0,1.0,0.5,0.0
commons-lang,org.apache.commons.lang3.time,Rule,1.0,0.0,2.0,2.0,0.0,-1.0
commons-lang,org.apache.commons.lang3.time,StringLiteral,0.0,0.0,1.0,1.0,-0.0,0.0
commons-lang,org.apache.commons.lang3.time,TextField,0.0,0.0,1.0,1.0,0.25,0.0
commons-lang,org.apache.commons.lang3.time,TimeZoneDisplayKey,0.0,0.0,1.0,1.0,-0.0,0.0
commons-lang,org.apache.commons.lang3.time,TimeZoneNameRule,1.0,0.0,1.0,1.0,0.5,0.0
commons-lang,org.apache.commons.lang3.time,TimeZoneNumberRule,2.0,1.0,2.0,2.0,1.1666666666666667,0.6666666666666666
commons-lang,org.apache.commons.lang3.time,TwelveHourField,0.0,0.0,1.0,1.0,-0.0,0.0
commons-lang,org.apache.commons.lang3.time,TwentyFourHourField,0.0,0.0,1.0,1.0,-0.0,0.0
commons-lang,org.apache.commons.lang3.time,TwoDigitMonthField,6.0,0.0,4.0,4.0,1.3333333333333333,1.0
commons-lang,org.apache.commons.lang3.time,TwoDigitNumberField,5.0,4.0,3.0,3.0,0.6666666666666666,0.75
commons-lang,org.apache.commons.lang3.time,TwoDigitYearField,6.0,0.0,4.0,4.0,1.3333333333333333,1.0
commons-lang,org.apache.commons.lang3.time,UnpaddedMonthField,6.0,0.0,4.0,4.0,1.3333333333333333,1.0
commons-lang,org.apache.commons.lang3.time,UnpaddedNumberField,5.0,4.0,3.0,3.0,0.6666666666666666,0.75
commons-lang,org.apache.commons.lang3.time,WeekYear,0.0,0.0,1.0,1.0,-0.0,0.0
commons-lang,org.apache.commons.lang3.time,TimeZones,1.0,0.0,2.0,2.0,2.0,1.0
commons-lang,org.apache.commons.lang3.time,StopWatch,1193.0,1111.0,35.0,16.0,0.93,0.3137254901960784
commons-lang,org.apache.commons.lang3.time,DatePrinter,78.0,0.0,13.0,13.0,0.0,-1.0
commons-lang,org.apache.commons.lang3.time,DateFormatUtilsTest,153.0,0.0,18.0,8.0,0.0,0.4444444444444444
commons-lang,org.apache.commons.lang3.time,FastDateParser_MoreOrLessTest,21.0,0.0,7.0,7.0,0.8333333333333334,0.8571428571428571
commons-lang,org.apache.commons.lang3.time,FastDatePrinterTimeZonesTest,1.0,0.0,2.0,2.0,1.0,1.0
commons-lang,org.apache.commons.lang3.time,FastDateParserSDFTest,36.0,0.0,9.0,3.0,0.875,0.2222222222222222
commons-lang,org.apache.commons.lang3.time,FastDateFormatTest,230.0,229.0,21.0,20.0,0.9841269841269842,0.9090909090909091
commons-lang,org.apache.commons.lang3.time,DateUtilsTest,2790.0,2730.0,63.0,44.0,0.9568888888888889,0.5526315789473685
commons-lang,org.apache.commons.lang3.time,TimeZonesTest,0.0,0.0,1.0,1.0,0.0,0.0
commons-lang,org.apache.commons.lang3.time,FastDateParserTest,943.0,940.0,42.0,4.0,0.9488372093023255,0.06818181818181818
commons-lang,org.apache.commons.lang3.time,FastDatePrinterTest,434.0,433.0,29.0,4.0,0.9525862068965517,0.13333333333333333
commons-lang,org.apache.commons.lang3.time,CalendarUtilsTest,45.0,0.0,10.0,10.0,0.0,1.0
commons-lang,org.apache.commons.lang3.time,Java15BugFastDateParserTest,66.0,0.0,12.0,2.0,0.36363636363636365,0.16666666666666666
commons-lang,org.apache.commons.lang3.time,DateUtilsRoundingTest,89.0,0.0,2.0,1.0,0.8714285714285714,0.0
commons-lang,org.apache.commons.lang3.time,DurationFormatUtilsTest,666.0,0.0,37.0,28.0,0.9722222222222222,0.7567567567567568
commons-lang,org.apache.commons.lang3.time,DurationUtilsTest,66.0,0.0,12.0,12.0,0.0,1.0
commons-lang,org.apache.commons.lang3.time,WeekYearTest,3.0,0.0,3.0,3.0,0.0,1.0
commons-lang,org.apache.commons.lang3.time,DateUtilsFragmentTest,897.0,141.0,4.0,4.0,0.6864035087719298,0.06896551724137931
commons-lang,org.apache.commons.lang3.time,FastDateFormat_PrinterTest,0.0,0.0,1.0,1.0,0.0,0.0
commons-lang,org.apache.commons.lang3.time,FastDateParser_TimeZoneStrategyTest,66.0,0.0,12.0,5.0,0.9393939393939394,0.3333333333333333
commons-lang,org.apache.commons.lang3.time,GmtTimeZoneTest,55.0,0.0,11.0,11.0,0.0,1.0
commons-lang,org.apache.commons.lang3.time,StopWatchTest,435.0,0.0,30.0,15.0,0.8206896551724138,0.3333333333333333
commons-lang,org.apache.commons.lang3.time,FastTimeZoneTest,45.0,0.0,10.0,10.0,0.8055555555555556,0.7
commons-lang,org.apache.commons.lang3.text.translate,OctalUnescaper,6.0,0.0,4.0,2.0,0.0,0.5
commons-lang,org.apache.commons.lang3.text.translate,UnicodeEscaper,21.0,14.0,4.0,2.0,0.7142857142857143,0.25
commons-lang,org.apache.commons.lang3.text.translate,NumericEntityUnescaper,2.0,1.0,2.0,1.0,0.5,0.0
commons-lang,org.apache.commons.lang3.text.translate,UnicodeUnpairedSurrogateRemover,1.0,0.0,2.0,2.0,0.0,1.0
commons-lang,org.apache.commons.lang3.text.translate,LookupTranslator,0.0,0.0,1.0,1.0,-0.0,0.0
commons-lang,org.apache.commons.lang3.text.translate,EntityArrays,66.0,0.0,12.0,12.0,1.0,1.0
commons-lang,org.apache.commons.lang3.text.translate,CodePointTranslator,3.0,0.0,3.0,2.0,0.0,0.6666666666666666
commons-lang,org.apache.commons.lang3.text.translate,CharSequenceTranslator,15.0,0.0,6.0,4.0,1.2,0.6666666666666666
commons-lang,org.apache.commons.lang3.text.translate,JavaUnicodeEscaper,15.0,0.0,6.0,4.0,0.0,0.3333333333333333
commons-lang,org.apache.commons.lang3.text.translate,AggregateTranslator,0.0,0.0,1.0,1.0,-0.0,0.0
commons-lang,org.apache.commons.lang3.text.translate,UnicodeUnescaper,1.0,0.0,2.0,2.0,0.0,1.0
commons-lang,org.apache.commons.lang3.text.translate,NumericEntityEscaper,14.0,7.0,3.0,2.0,0.6666666666666666,0.2857142857142857
commons-lang,org.apache.commons.lang3.text.translate,UnicodeUnpairedSurrogateRemoverTest,0.0,0.0,1.0,1.0,-0.0,0.0
commons-lang,org.apache.commons.lang3.text.translate,UnicodeUnescaperTest,3.0,0.0,3.0,3.0,0.0,1.0
commons-lang,org.apache.commons.lang3.text.translate,UnicodeEscaperTest,3.0,0.0,3.0,3.0,0.0,1.0
commons-lang,org.apache.commons.lang3.text.translate,NumericEntityEscaperTest,6.0,0.0,4.0,4.0,0.0,1.0
commons-lang,org.apache.commons.lang3.text.translate,OctalUnescaperTest,0.0,0.0,1.0,1.0,0.0,0.0
commons-lang,org.apache.commons.lang3.text.translate,NumericEntityUnescaperTest,3.0,0.0,3.0,3.0,0.0,1.0
commons-lang,org.apache.commons.lang3.text.translate,LookupTranslatorTest,1.0,0.0,2.0,2.0,0.0,1.0
commons-lang,org.apache.commons.lang3.text.translate,EntityArraysTest,3.0,0.0,3.0,3.0,0.0,1.0
commons-lang,org.apache.commons.lang3.text,StrLookup,25.0,22.0,6.0,6.0,0.9047619047619048,0.75
commons-lang,org.apache.commons.lang3.text,MapStrLookup,0.0,0.0,1.0,1.0,-0.0,0.0
commons-lang,org.apache.commons.lang3.text,SystemPropertiesStrLookup,0.0,0.0,1.0,1.0,0.0,0.0
commons-lang,org.apache.commons.lang3.text,CompositeFormat,9.0,3.0,2.0,1.0,0.8,0.0
commons-lang,org.apache.commons.lang3.text,StrMatcher,327.0,303.0,20.0,19.0,0.967948717948718,0.5925925925925926
commons-lang,org.apache.commons.lang3.text,CharMatcher,0.0,0.0,1.0,1.0,-0.0,0.0
commons-lang,org.apache.commons.lang3.text,CharSetMatcher,0.0,0.0,1.0,1.0,-0.0,0.0
commons-lang,org.apache.commons.lang3.text,NoMatcher,1.0,0.0,2.0,2.0,0.0,1.0
commons-lang,org.apache.commons.lang3.text,StringMatcher,0.0,0.0,1.0,1.0,-0.0,0.0
commons-lang,org.apache.commons.lang3.text,TrimMatcher,1.0,0.0,2.0,2.0,0.0,1.0
commons-lang,org.apache.commons.lang3.text,StrBuilder,11109.0,7853.0,79.0,47.0,0.8890532544378699,0.27058823529411763
commons-lang,org.apache.commons.lang3.text,StrBuilderReader,21.0,6.0,4.0,4.0,0.625,0.4444444444444444
commons-lang,org.apache.commons.lang3.text,StrBuilderTokenizer,3.0,0.0,3.0,3.0,0.0,1.0
commons-lang,org.apache.commons.lang3.text,StrBuilderWriter,28.0,0.0,8.0,8.0,0.0,1.0
commons-lang,org.apache.commons.lang3.text,FormatFactory,0.0,0.0,1.0,1.0,0.0,-1.0
commons-lang,org.apache.commons.lang3.text,WordUtils,105.0,0.0,15.0,10.0,0.0,0.6666666666666666
commons-lang,org.apache.commons.lang3.text,ExtendedMessageFormat,192.0,174.0,15.0,7.0,0.9,0.3333333333333333
commons-lang,org.apache.commons.lang3.text,StrSubstitutor,1446.0,1407.0,39.0,7.0,0.9562289562289562,0.07272727272727272
commons-lang,org.apache.commons.lang3.text,StrTokenizer,1906.0,1796.0,38.0,4.0,0.9552669552669553,0.0625
commons-lang,org.apache.commons.lang3.text,FormattableUtils,15.0,0.0,6.0,3.0,1.0,0.5
commons-lang,org.apache.commons.lang3.text,StrMatcherTest,91.0,0.0,14.0,14.0,0.5384615384615384,0.14285714285714285
commons-lang,org.apache.commons.lang3.text,WordUtilsTest,120.0,0.0,16.0,16.0,0.0,1.0
commons-lang,org.apache.commons.lang3.text,StrTokenizerTest,1891.0,0.0,62.0,54.0,0.9918032786885246,0.8709677419354839
commons-lang,org.apache.commons.lang3.text,ExtendedMessageFormatTest,248.0,220.0,17.0,9.0,0.9710144927536232,0.375
commons-lang,org.apache.commons.lang3.text,LowerCaseFormat,1.0,0.0,2.0,2.0,2.0,1.0
commons-lang,org.apache.commons.lang3.text,LowerCaseFormatFactory,0.0,0.0,1.0,1.0,0.0,0.0
commons-lang,org.apache.commons.lang3.text,OtherExtendedMessageFormat,0.0,0.0,1.0,1.0,0.0,0.0
commons-lang,org.apache.commons.lang3.text,OverrideShortDateFormatFactory,0.0,0.0,1.0,1.0,0.0,0.0
commons-lang,org.apache.commons.lang3.text,UpperCaseFormat,1.0,0.0,2.0,2.0,2.0,1.0
commons-lang,org.apache.commons.lang3.text,UpperCaseFormatFactory,0.0,0.0,1.0,1.0,0.0,0.0
commons-lang,org.apache.commons.lang3.text,StrBuilderTest,4370.0,4369.0,93.0,93.0,0.946236559139785,0.8936170212765957
commons-lang,org.apache.commons.lang3.text,MockReadable,0.0,0.0,1.0,1.0,-0.0,0.0
commons-lang,org.apache.commons.lang3.text,FormattableUtilsTest,10.0,0.0,5.0,5.0,0.0,1.0
commons-lang,org.apache.commons.lang3.text,StrBuilderAppendInsertTest,2701.0,0.0,74.0,74.0,0.9810326659641728,0.7567567567567568
commons-lang,org.apache.commons.lang3.text,CompositeFormatTest,15.0,0.0,6.0,6.0,1.1,1.0
commons-lang,org.apache.commons.lang3.text,StrSubstitutorTest,969.0,903.0,35.0,20.0,0.7555555555555555,0.43478260869565216
commons-lang,org.apache.commons.lang3.text,StrLookupTest,15.0,0.0,6.0,6.0,0.0,1.0
commons-lang,org.apache.commons.lang3.stream,Streams,679.0,455.0,16.0,15.0,0.8714285714285714,0.3488372093023256
commons-lang,org.apache.commons.lang3.stream,ArrayCollector,14.0,13.0,5.0,5.0,0.9,0.8333333333333334
commons-lang,org.apache.commons.lang3.stream,EnumerationSpliterator,0.0,0.0,1.0,1.0,-0.0,0.0
commons-lang,org.apache.commons.lang3.stream,FailableStream,20.0,0.0,2.0,1.0,0.5454545454545454,0.0
commons-lang,org.apache.commons.lang3.stream,LangCollectors,61.0,56.0,7.0,5.0,0.9090909090909091,0.3333333333333333
commons-lang,org.apache.commons.lang3.stream,SimpleCollector,10.0,5.0,1.0,1.0,0.8,0.0
commons-lang,org.apache.commons.lang3.stream,IntStreams,6.0,0.0,4.0,4.0,0.0,1.0
commons-lang,org.apache.commons.lang3.stream,FailableStreamTest,36.0,0.0,9.0,6.0,0.0,0.6666666666666666
commons-lang,org.apache.commons.lang3.stream,IntStreamsTest,3.0,0.0,3.0,3.0,0.0,1.0
commons-lang,org.apache.commons.lang3.stream,LangCollectorsTest,275.0,274.0,23.0,23.0,0.8652173913043477,0.2916666666666667
commons-lang,org.apache.commons.lang3.stream,Fixture,0.0,0.0,1.0,1.0,-0.0,0.0
commons-lang,org.apache.commons.lang3.stream,StreamsTest,276.0,0.0,24.0,22.0,0.0,0.9166666666666666
commons-lang,org.apache.commons.lang3.reflect,InheritanceUtils,1.0,0.0,2.0,2.0,0.0,1.0
commons-lang,org.apache.commons.lang3.reflect,ConstructorUtils,36.0,0.0,9.0,8.0,0.0,0.8888888888888888
commons-lang,org.apache.commons.lang3.reflect,Typed,0.0,0.0,1.0,1.0,0.0,-1.0
commons-lang,org.apache.commons.lang3.reflect,MethodUtils,465.0,0.0,31.0,13.0,1.0,0.41935483870967744
commons-lang,org.apache.commons.lang3.reflect,TypeUtils,3033.0,2985.0,64.0,12.0,0.9786324786324786,0.12658227848101267
commons-lang,org.apache.commons.lang3.reflect,GenericArrayTypeImpl,7.0,4.0,3.0,3.0,0.5,0.6
commons-lang,org.apache.commons.lang3.reflect,ParameterizedTypeImpl,14.0,7.0,3.0,3.0,0.6666666666666666,0.42857142857142855
commons-lang,org.apache.commons.lang3.reflect,WildcardTypeBuilder,4.0,2.0,2.0,2.0,0.6666666666666666,0.5
commons-lang,org.apache.commons.lang3.reflect,WildcardTypeImpl,10.0,5.0,3.0,3.0,0.6,0.5
commons-lang,org.apache.commons.lang3.reflect,TypeLiteral,3.0,0.0,1.0,1.0,0.6666666666666666,0.0
commons-lang,org.apache.commons.lang3.reflect,MemberUtils,172.0,154.0,14.0,6.0,0.8947368421052632,0.3
commons-lang,org.apache.commons.lang3.reflect,Executable,10.0,5.0,3.0,3.0,0.6,0.5
commons-lang,org.apache.commons.lang3.reflect,FieldUtils,595.0,0.0,35.0,6.0,0.0,0.17142857142857143
commons-lang,org.apache.commons.lang3.reflect,Lang1703Test,0.0,0.0,1.0,1.0,0.0,0.0
commons-lang,org.apache.commons.lang3.reflect,FieldUtilsTest,2398.0,2311.0,57.0,51.0,0.9238095238095239,0.704225352112676
commons-lang,org.apache.commons.lang3.reflect,ConstructorUtilsTest,217.0,83.0,9.0,6.0,0.641025641025641,0.2222222222222222
commons-lang,org.apache.commons.lang3.reflect,BaseClass,0.0,0.0,0.0,0.0,0.0,-1.0
commons-lang,org.apache.commons.lang3.reflect,PrivateClass,1.0,0.0,2.0,2.0,0.0,1.0
commons-lang,org.apache.commons.lang3.reflect,PublicInnerClass,0.0,0.0,1.0,1.0,0.0,0.0
commons-lang,org.apache.commons.lang3.reflect,SubClass,0.0,0.0,0.0,0.0,0.0,-1.0
commons-lang,org.apache.commons.lang3.reflect,TestBean,0.0,0.0,1.0,1.0,0.045454545454545456,0.0
commons-lang,org.apache.commons.lang3.reflect,AAAAClass,0.0,0.0,0.0,0.0,0.0,-1.0
commons-lang,org.apache.commons.lang3.reflect,BBBBClass,0.0,0.0,0.0,0.0,0.0,-1.0
commons-lang,org.apache.commons.lang3.reflect,CCCClass,0.0,0.0,0.0,0.0,0.0,-1.0
commons-lang,org.apache.commons.lang3.reflect,AAAClass,0.0,0.0,0.0,0.0,0.0,-1.0
commons-lang,org.apache.commons.lang3.reflect,BBBClass,0.0,0.0,0.0,0.0,0.0,-1.0
commons-lang,org.apache.commons.lang3.reflect,AAClass,0.0,0.0,0.0,0.0,0.0,-1.0
commons-lang,org.apache.commons.lang3.reflect,BBClass,0.0,0.0,0.0,0.0,0.0,-1.0
commons-lang,org.apache.commons.lang3.reflect,AClass,0.0,0.0,7.0,7.0,0.0,0.0
commons-lang,org.apache.commons.lang3.reflect,AInterface,0.0,0.0,0.0,0.0,0.0,-1.0
commons-lang,org.apache.commons.lang3.reflect,BClass,0.0,0.0,0.0,0.0,0.0,-1.0
commons-lang,org.apache.commons.lang3.reflect,CClass,0.0,0.0,0.0,0.0,0.0,-1.0
commons-lang,org.apache.commons.lang3.reflect,DClass,0.0,0.0,0.0,0.0,0.0,-1.0
commons-lang,org.apache.commons.lang3.reflect,EClass,0.0,0.0,0.0,0.0,0.0,-1.0
commons-lang,org.apache.commons.lang3.reflect,FClass,0.0,0.0,0.0,0.0,0.0,-1.0
commons-lang,org.apache.commons.lang3.reflect,GClass,0.0,0.0,0.0,0.0,0.0,-1.0
commons-lang,org.apache.commons.lang3.reflect,Test1,153.0,0.0,18.0,18.0,0.0,1.0
commons-lang,org.apache.commons.lang3.reflect,TypeUtilsTest,2211.0,0.0,78.0,77.0,1.0151515151515151,0.9850746268656716
commons-lang,org.apache.commons.lang3.reflect,And,0.0,0.0,0.0,0.0,0.0,-1.0
commons-lang,org.apache.commons.lang3.reflect,ClassWithSuperClassWithGenericType,0.0,0.0,1.0,1.0,0.0,0.0
commons-lang,org.apache.commons.lang3.reflect,MyInnerClass,0.0,0.0,0.0,0.0,0.0,-1.0
commons-lang,org.apache.commons.lang3.reflect,Other,0.0,0.0,0.0,0.0,0.0,-1.0
commons-lang,org.apache.commons.lang3.reflect,Tester,0.0,0.0,0.0,0.0,0.0,-1.0
commons-lang,org.apache.commons.lang3.reflect,That,0.0,0.0,0.0,0.0,0.0,-1.0
commons-lang,org.apache.commons.lang3.reflect,The,0.0,0.0,0.0,0.0,0.0,-1.0
commons-lang,org.apache.commons.lang3.reflect,Thing,0.0,0.0,0.0,0.0,0.0,-1.0
commons-lang,org.apache.commons.lang3.reflect,This,0.0,0.0,0.0,0.0,0.0,-1.0
commons-lang,org.apache.commons.lang3.reflect,Test2,153.0,0.0,18.0,18.0,0.0,1.0
commons-lang,org.apache.commons.lang3.reflect,InheritanceUtilsTest,36.0,0.0,9.0,9.0,0.0,1.0
commons-lang,org.apache.commons.lang3.reflect,TypeLiteralTest,6.0,0.0,4.0,4.0,0.0,1.0
commons-lang,org.apache.commons.lang3.reflect,MethodUtilsTest,7850.0,7825.0,117.0,113.0,0.9792000000000001,0.8968253968253969
commons-lang,org.apache.commons.lang3.reflect,AbstractGetMatchingMethod,0.0,0.0,1.0,1.0,0.0,0.0
commons-lang,org.apache.commons.lang3.reflect,ChildInterface,0.0,0.0,0.0,0.0,0.0,-1.0
commons-lang,org.apache.commons.lang3.reflect,ChildObject,0.0,0.0,0.0,0.0,0.0,-1.0
commons-lang,org.apache.commons.lang3.reflect,GetMatchingMethodClass,55.0,0.0,11.0,11.0,0.0,1.0
commons-lang,org.apache.commons.lang3.reflect,GetMatchingMethodImpl,0.0,0.0,1.0,1.0,0.0,0.0
commons-lang,org.apache.commons.lang3.reflect,GrandParentObject,0.0,0.0,0.0,0.0,0.0,-1.0
commons-lang,org.apache.commons.lang3.reflect,InheritanceBean,15.0,0.0,6.0,6.0,0.0,1.0
commons-lang,org.apache.commons.lang3.reflect,InterfaceGetMatchingMethod,0.0,0.0,1.0,1.0,0.0,-1.0
commons-lang,org.apache.commons.lang3.reflect,MethodDescriptor,0.0,0.0,1.0,1.0,0.0,0.0
commons-lang,org.apache.commons.lang3.reflect,ParentObject,0.0,0.0,0.0,0.0,0.0,-1.0
commons-lang,org.apache.commons.lang3.reflect,PrivateInterface,0.0,0.0,0.0,0.0,0.0,-1.0
commons-lang,org.apache.commons.lang3.reflect,TestBean,1431.0,0.0,54.0,54.0,0.0,1.0
commons-lang,org.apache.commons.lang3.reflect,TestBeanWithInterfaces,0.0,0.0,1.0,1.0,0.0,0.0
commons-lang,org.apache.commons.lang3.reflect,TestMutable,1.0,0.0,2.0,2.0,0.0,1.0
commons-lang,org.apache.commons.lang3.util,IterableStringTokenizer,36.0,0.0,9.0,8.0,0.0,0.8888888888888888
commons-lang,org.apache.commons.lang3.util,FluentBitSet,85.0,0.0,3.0,3.0,0.5348837209302325,0.06818181818181818
commons-lang,org.apache.commons.lang3.util,FluentBitSetTest,782.0,529.0,24.0,1.0,0.7444444444444445,0.0
commons-lang,org.apache.commons.lang3.util,IterableStringTokenizerTest,105.0,0.0,15.0,15.0,0.8571428571428571,0.6666666666666666
commons-lang,org.apache.commons.lang3.concurrent,UncheckedFutureImpl,3.0,0.0,3.0,3.0,0.0,1.0
commons-lang,org.apache.commons.lang3.concurrent,TimedSemaphore,154.0,137.0,6.0,1.0,0.9401709401709402,0.0
commons-lang,org.apache.commons.lang3.concurrent,ConcurrentInitializer,0.0,0.0,0.0,0.0,0.0,-1.0
commons-lang,org.apache.commons.lang3.concurrent,UncheckedFuture,10.0,0.0,5.0,5.0,0.0,-1.0
commons-lang,org.apache.commons.lang3.concurrent,ConcurrentRuntimeException,3.0,0.0,3.0,3.0,1.5,1.0
commons-lang,org.apache.commons.lang3.concurrent,AbstractFutureProxy,0.0,0.0,1.0,1.0,-0.0,0.0
commons-lang,org.apache.commons.lang3.concurrent,CircuitBreakingException,6.0,0.0,4.0,4.0,1.3333333333333333,1.0
commons-lang,org.apache.commons.lang3.concurrent,MultiBackgroundInitializer,85.0,65.0,5.0,5.0,0.8214285714285714,0.3333333333333333
commons-lang,org.apache.commons.lang3.concurrent,MultiBackgroundInitializerResults,18.0,8.0,2.0,1.0,0.7142857142857143,0.0
commons-lang,org.apache.commons.lang3.concurrent,ConcurrentException,3.0,0.0,3.0,3.0,1.5,1.0
commons-lang,org.apache.commons.lang3.concurrent,AtomicInitializer,35.0,34.0,8.0,7.0,0.875,0.7777777777777778
commons-lang,org.apache.commons.lang3.concurrent,Builder,1.0,0.0,2.0,2.0,0.0,1.0
commons-lang,org.apache.commons.lang3.concurrent,AbstractConcurrentInitializer,43.0,31.0,7.0,5.0,0.9,0.2727272727272727
commons-lang,org.apache.commons.lang3.concurrent,AbstractBuilder,8.0,6.0,3.0,3.0,0.75,0.6
commons-lang,org.apache.commons.lang3.concurrent,BasicThreadFactory,140.0,109.0,8.0,7.0,0.914141414141414,0.21052631578947367
commons-lang,org.apache.commons.lang3.concurrent,Builder,29.0,22.0,3.0,3.0,0.85,0.3333333333333333
commons-lang,org.apache.commons.lang3.concurrent,Computable,0.0,0.0,1.0,1.0,0.0,-1.0
commons-lang,org.apache.commons.lang3.concurrent,CircuitBreaker,15.0,0.0,6.0,6.0,0.0,-1.0
commons-lang,org.apache.commons.lang3.concurrent,EventCountCircuitBreaker,411.0,387.0,18.0,8.0,0.9439655172413793,0.26666666666666666
commons-lang,org.apache.commons.lang3.concurrent,CheckIntervalData,4.0,2.0,2.0,1.0,0.6666666666666666,0.0
commons-lang,org.apache.commons.lang3.concurrent,StateStrategy,3.0,0.0,3.0,2.0,0.0,0.6666666666666666
commons-lang,org.apache.commons.lang3.concurrent,StateStrategyClosed,1.0,0.0,2.0,2.0,0.0,1.0
commons-lang,org.apache.commons.lang3.concurrent,StateStrategyOpen,1.0,0.0,2.0,2.0,0.0,1.0
commons-lang,org.apache.commons.lang3.concurrent,CallableBackgroundInitializer,4.0,0.0,2.0,2.0,0.25,0.4
commons-lang,org.apache.commons.lang3.concurrent,LazyInitializer,27.0,26.0,7.0,7.0,0.8571428571428571,0.875
commons-lang,org.apache.commons.lang3.concurrent,Builder,1.0,0.0,2.0,2.0,0.0,1.0
commons-lang,org.apache.commons.lang3.concurrent,AbstractCircuitBreaker,82.0,73.0,9.0,6.0,0.8717948717948718,0.42857142857142855
commons-lang,org.apache.commons.lang3.concurrent,ConstantInitializer,18.0,15.0,5.0,2.0,0.8333333333333334,0.2857142857142857
commons-lang,org.apache.commons.lang3.concurrent,UncheckedTimeoutException,0.0,0.0,1.0,1.0,0.0,0.0
commons-lang,org.apache.commons.lang3.concurrent,BackgroundInitializer,196.0,182.0,14.0,7.0,0.93,0.2857142857142857
commons-lang,org.apache.commons.lang3.concurrent,Builder,2.0,1.0,2.0,2.0,0.5,0.6666666666666666
commons-lang,org.apache.commons.lang3.concurrent,InitializationTask,0.0,0.0,1.0,1.0,-0.0,0.0
commons-lang,org.apache.commons.lang3.concurrent,UncheckedExecutionException,0.0,0.0,1.0,1.0,0.0,0.0
commons-lang,org.apache.commons.lang3.concurrent,ThresholdCircuitBreaker,5.0,0.0,2.0,1.0,0.5833333333333334,0.0
commons-lang,org.apache.commons.lang3.concurrent,ConcurrentUtils,143.0,133.0,14.0,12.0,0.7647058823529411,0.6666666666666666
commons-lang,org.apache.commons.lang3.concurrent,ConstantFuture,12.0,9.0,4.0,4.0,0.6,0.6666666666666666
commons-lang,org.apache.commons.lang3.concurrent,Memoizer,12.0,9.0,4.0,3.0,0.7333333333333333,0.5
commons-lang,org.apache.commons.lang3.concurrent,FutureTasks,1.0,0.0,2.0,2.0,0.0,1.0
commons-lang,org.apache.commons.lang3.concurrent,AtomicSafeInitializer,35.0,34.0,8.0,7.0,0.9166666666666666,0.7777777777777778
commons-lang,org.apache.commons.lang3.concurrent,Builder,1.0,0.0,2.0,2.0,0.0,1.0
commons-lang,org.apache.commons.lang3.concurrent,AtomicSafeInitializerSupplierTest,17.0,13.0,4.0,4.0,0.75,0.5714285714285714
commons-lang,org.apache.commons.lang3.concurrent,AbstractConcurrentInitializerTest,19.0,17.0,5.0,1.0,0.8333333333333334,0.0
commons-lang,org.apache.commons.lang3.concurrent,GetThread,0.0,0.0,1.0,1.0,0.33333333333333326,0.0
commons-lang,org.apache.commons.lang3.concurrent,LazyInitializerSimpleTest,3.0,0.0,3.0,2.0,0.0,0.6666666666666666
commons-lang,org.apache.commons.lang3.concurrent,LazyInitializerTestImpl,0.0,0.0,1.0,1.0,0.0,0.0
commons-lang,org.apache.commons.lang3.concurrent,LazyInitializerAnonClassTest,3.0,0.0,3.0,2.0,0.0,0.6666666666666666
commons-lang,org.apache.commons.lang3.concurrent,ConstantInitializerTest,24.0,3.0,4.0,2.0,0.3333333333333333,0.2
commons-lang,org.apache.commons.lang3.concurrent,ThresholdCircuitBreakerTest,10.0,0.0,5.0,5.0,0.625,0.4
commons-lang,org.apache.commons.lang3.concurrent,CallableBackgroundInitializerTest,9.0,8.0,4.0,4.0,0.75,0.8
commons-lang,org.apache.commons.lang3.concurrent,TestCallable,0.0,0.0,1.0,1.0,0.0,0.0
commons-lang,org.apache.commons.lang3.concurrent,AtomicInitializerObjectTest,5.0,4.0,3.0,3.0,0.6666666666666666,0.75
commons-lang,org.apache.commons.lang3.concurrent,MemoizerFunctionTest,0.0,0.0,1.0,1.0,-0.0,0.0
commons-lang,org.apache.commons.lang3.concurrent,FutureTasksTest,0.0,0.0,1.0,1.0,0.0,0.0
commons-lang,org.apache.commons.lang3.concurrent,AtomicInitializerNonObjectTest,5.0,4.0,3.0,3.0,0.6666666666666666,0.75
commons-lang,org.apache.commons.lang3.concurrent,BasicThreadFactoryTest,54.0,0.0,4.0,1.0,0.5263157894736842,0.0
commons-lang,org.apache.commons.lang3.concurrent,UncheckedTimeoutExceptionTest,0.0,0.0,1.0,1.0,0.0,0.0
commons-lang,org.apache.commons.lang3.concurrent,MultiBackgroundInitializerTest,448.0,301.0,10.0,5.0,0.9064171122994653,0.11428571428571428
commons-lang,org.apache.commons.lang3.concurrent,AbstractChildBackgroundInitializer,3.0,0.0,1.0,1.0,0.8333333333333334,0.0
commons-lang,org.apache.commons.lang3.concurrent,CloseableCounter,17.0,6.0,3.0,2.0,0.6428571428571429,0.25
commons-lang,org.apache.commons.lang3.concurrent,MethodChildBackgroundInitializer,0.0,0.0,1.0,1.0,0.0,0.0
commons-lang,org.apache.commons.lang3.concurrent,BackgroundInitializerTest,522.0,516.0,27.0,9.0,0.9732142857142857,0.2727272727272727
commons-lang,org.apache.commons.lang3.concurrent,AbstractBackgroundInitializerTestImpl,12.0,9.0,3.0,3.0,0.8800000000000001,0.5
commons-lang,org.apache.commons.lang3.concurrent,CloseableCounter,4.0,2.0,2.0,2.0,0.6666666666666666,0.5
commons-lang,org.apache.commons.lang3.concurrent,MethodBackgroundInitializerTestImpl,3.0,0.0,3.0,3.0,0.0,1.0
commons-lang,org.apache.commons.lang3.concurrent,ConcurrentUtilsTest,820.0,0.0,41.0,41.0,0.0,1.0
commons-lang,org.apache.commons.lang3.concurrent,LazyInitializerSupplierTest,1.0,0.0,2.0,2.0,0.0,1.0
commons-lang,org.apache.commons.lang3.concurrent,BackgroundInitializerSupplierTest,36.0,0.0,9.0,8.0,0.0,0.8888888888888888
commons-lang,org.apache.commons.lang3.concurrent,SupplierBackgroundInitializerTestImpl,6.0,0.0,4.0,1.0,0.0,0.0
commons-lang,org.apache.commons.lang3.concurrent,UncheckedExecutionExceptionTest,0.0,0.0,1.0,1.0,0.0,0.0
commons-lang,org.apache.commons.lang3.concurrent,AbstractConcurrentInitializerCloseAndExceptionsTest,44.0,43.0,9.0,3.0,0.8888888888888888,0.3
commons-lang,org.apache.commons.lang3.concurrent,CloseableObject,0.0,0.0,1.0,1.0,-0.0,0.0
commons-lang,org.apache.commons.lang3.concurrent,UncheckedFutureTest,75.0,72.0,11.0,11.0,0.8333333333333334,0.8461538461538461
commons-lang,org.apache.commons.lang3.concurrent,TestFuture,7.0,4.0,3.0,1.0,0.5,0.0
commons-lang,org.apache.commons.lang3.concurrent,AtomicInitializerSupplierTest,1.0,0.0,2.0,2.0,0.0,1.0
commons-lang,org.apache.commons.lang3.concurrent,LazyInitializerSingleInstanceTest,5.0,4.0,3.0,2.0,0.6666666666666666,0.5
commons-lang,org.apache.commons.lang3.concurrent,LazyInitializerTestImpl,0.0,0.0,1.0,1.0,0.0,0.0
commons-lang,org.apache.commons.lang3.concurrent,AtomicSafeInitializerTest,10.0,5.0,2.0,2.0,0.7333333333333333,0.3333333333333333
commons-lang,org.apache.commons.lang3.concurrent,AtomicSafeInitializerTestImpl,0.0,0.0,1.0,1.0,0.0,0.0
commons-lang,org.apache.commons.lang3.concurrent,LazyInitializerCloserTest,0.0,0.0,1.0,1.0,-0.0,0.0
commons-lang,org.apache.commons.lang3.concurrent,MemoizerComputableTest,0.0,0.0,1.0,1.0,-0.0,0.0
commons-lang,org.apache.commons.lang3.concurrent,EventCountCircuitBreakerTest,296.0,292.0,22.0,22.0,0.7083333333333334,0.2
commons-lang,org.apache.commons.lang3.concurrent,ChangeListener,0.0,0.0,1.0,1.0,0.25,0.0
commons-lang,org.apache.commons.lang3.concurrent,EventCountCircuitBreakerTestImpl,2.0,1.0,2.0,2.0,0.5,0.6666666666666666
commons-lang,org.apache.commons.lang3.concurrent,TimedSemaphoreTest,361.0,344.0,24.0,17.0,0.8624338624338624,0.17857142857142858
commons-lang,org.apache.commons.lang3.concurrent,SemaphoreThread,0.0,0.0,1.0,1.0,-0.0,0.0
commons-lang,org.apache.commons.lang3.concurrent,TimedSemaphoreTestImpl,14.0,13.0,5.0,5.0,0.9333333333333333,0.6666666666666666
commons-lang,org.apache.commons.lang3.concurrent,TryAcquireThread,0.0,0.0,1.0,1.0,0.33333333333333326,0.0
commons-lang,org.apache.commons.lang3.concurrent,LazyInitializerFailableCloserTest,3.0,0.0,2.0,1.0,0.3333333333333333,0.0
commons-lang,org.apache.commons.lang3.concurrent,CircuitBreakingExceptionTest,21.0,0.0,7.0,7.0,0.0,1.0
commons-lang,org.apache.commons.lang3.concurrent,MultiBackgroundInitializerSupplierTest,23.0,18.0,5.0,4.0,0.7142857142857143,0.375
commons-lang,org.apache.commons.lang3.concurrent,SupplierChildBackgroundInitializer,1.0,0.0,2.0,2.0,0.0,1.0
commons-lang,org.apache.commons.lang3.concurrent.locks,LockingVisitors,62.0,19.0,2.0,2.0,0.7678571428571429,0.13333333333333333
commons-lang,org.apache.commons.lang3.concurrent.locks,LockVisitor,23.0,10.0,1.0,1.0,0.75,0.0
commons-lang,org.apache.commons.lang3.concurrent.locks,ReadWriteLockVisitor,0.0,0.0,1.0,1.0,0.0,0.0
commons-lang,org.apache.commons.lang3.concurrent.locks,StampedLockVisitor,0.0,0.0,1.0,1.0,0.0,0.0
commons-lang,org.apache.commons.lang3.concurrent.locks,LockingVisitorsTest,36.0,0.0,9.0,3.0,0.84375,0.3333333333333333
commons-lang,org.apache.commons.lang3.function,TriConsumer,1.0,0.0,2.0,1.0,0.0,-1.0
commons-lang,org.apache.commons.lang3.function,Consumers,3.0,0.0,3.0,3.0,1.0,1.0
commons-lang,org.apache.commons.lang3.function,FailableIntToLongFunction,1.0,1.0,2.0,2.0,1.0,-1.0
commons-lang,org.apache.commons.lang3.function,FailableCallable,0.0,0.0,1.0,1.0,0.0,-1.0
commons-lang,org.apache.commons.lang3.function,FailableLongToDoubleFunction,1.0,1.0,2.0,2.0,1.0,-1.0
commons-lang,org.apache.commons.lang3.function,FailablePredicate,15.0,15.0,6.0,3.0,1.0,-1.0
commons-lang,org.apache.commons.lang3.function,FailableLongConsumer,3.0,3.0,3.0,2.0,1.0,-1.0
commons-lang,org.apache.commons.lang3.function,FailableFunction,15.0,15.0,6.0,4.0,1.0,-1.0
commons-lang,org.apache.commons.lang3.function,FailableShortSupplier,0.0,0.0,1.0,1.0,0.0,-1.0
commons-lang,org.apache.commons.lang3.function,Failable,561.0,0.0,34.0,20.0,0.0,0.5882352941176471
commons-lang,org.apache.commons.lang3.function,FailableIntUnaryOperator,10.0,10.0,5.0,3.0,1.0,-1.0
commons-lang,org.apache.commons.lang3.function,FailableToDoubleBiFunction,1.0,1.0,2.0,2.0,1.0,-1.0
commons-lang,org.apache.commons.lang3.function,FailableToBooleanFunction,1.0,1.0,2.0,2.0,1.0,-1.0
commons-lang,org.apache.commons.lang3.function,FailableLongFunction,1.0,1.0,2.0,2.0,1.0,-1.0
commons-lang,org.apache.commons.lang3.function,FailableToLongFunction,1.0,1.0,2.0,2.0,1.0,-1.0
commons-lang,org.apache.commons.lang3.function,FailableIntToFloatFunction,1.0,1.0,2.0,2.0,1.0,-1.0
commons-lang,org.apache.commons.lang3.function,FailableIntSupplier,0.0,0.0,1.0,1.0,0.0,-1.0
commons-lang,org.apache.commons.lang3.function,BooleanConsumer,3.0,3.0,3.0,2.0,1.0,-1.0
commons-lang,org.apache.commons.lang3.function,FailableDoubleConsumer,3.0,3.0,3.0,2.0,1.0,-1.0
commons-lang,org.apache.commons.lang3.function,ToBooleanBiFunction,0.0,0.0,1.0,1.0,0.0,-1.0
commons-lang,org.apache.commons.lang3.function,FailableIntConsumer,3.0,3.0,3.0,2.0,1.0,-1.0
commons-lang,org.apache.commons.lang3.function,Suppliers,3.0,0.0,3.0,3.0,1.0,1.0
commons-lang,org.apache.commons.lang3.function,FailableDoubleSupplier,0.0,0.0,1.0,1.0,0.0,-1.0
commons-lang,org.apache.commons.lang3.function,FailableIntBinaryOperator,0.0,0.0,1.0,1.0,0.0,-1.0
commons-lang,org.apache.commons.lang3.function,FailableDoubleToLongFunction,1.0,1.0,2.0,2.0,1.0,-1.0
commons-lang,org.apache.commons.lang3.function,FailableLongSupplier,0.0,0.0,1.0,1.0,0.0,-1.0
commons-lang,org.apache.commons.lang3.function,FailableDoubleToIntFunction,1.0,1.0,2.0,2.0,1.0,-1.0
commons-lang,org.apache.commons.lang3.function,FailableBooleanSupplier,0.0,0.0,1.0,1.0,0.0,-1.0
commons-lang,org.apache.commons.lang3.function,FailableLongBinaryOperator,0.0,0.0,1.0,1.0,0.0,-1.0
commons-lang,org.apache.commons.lang3.function,FailableLongToIntFunction,1.0,1.0,2.0,2.0,1.0,-1.0
commons-lang,org.apache.commons.lang3.function,FailableLongPredicate,15.0,15.0,6.0,3.0,1.0,-1.0
commons-lang,org.apache.commons.lang3.function,FailableObjDoubleConsumer,1.0,1.0,2.0,2.0,1.0,-1.0
commons-lang,org.apache.commons.lang3.function,FailableObjLongConsumer,1.0,1.0,2.0,2.0,1.0,-1.0
commons-lang,org.apache.commons.lang3.function,FailableBiPredicate,15.0,15.0,6.0,3.0,1.0,-1.0
commons-lang,org.apache.commons.lang3.function,FailableToIntFunction,1.0,1.0,2.0,2.0,1.0,-1.0
commons-lang,org.apache.commons.lang3.function,FailableConsumer,3.0,3.0,3.0,2.0,1.0,-1.0
commons-lang,org.apache.commons.lang3.function,FailableBiFunction,3.0,3.0,3.0,2.0,1.0,-1.0
commons-lang,org.apache.commons.lang3.function,FailableRunnable,0.0,0.0,1.0,1.0,0.0,-1.0
commons-lang,org.apache.commons.lang3.function,FailableDoubleFunction,1.0,1.0,2.0,2.0,1.0,-1.0
commons-lang,org.apache.commons.lang3.function,FailableDoublePredicate,15.0,15.0,6.0,3.0,1.0,-1.0
commons-lang,org.apache.commons.lang3.function,Functions,3.0,0.0,3.0,3.0,0.0,1.0
commons-lang,org.apache.commons.lang3.function,FailableToDoubleFunction,1.0,1.0,2.0,2.0,1.0,-1.0
commons-lang,org.apache.commons.lang3.function,FailableLongUnaryOperator,10.0,10.0,5.0,3.0,1.0,-1.0
commons-lang,org.apache.commons.lang3.function,FailableIntToDoubleFunction,1.0,1.0,2.0,2.0,1.0,-1.0
commons-lang,org.apache.commons.lang3.function,FailableToLongBiFunction,1.0,1.0,2.0,2.0,1.0,-1.0
commons-lang,org.apache.commons.lang3.function,TriFunction,1.0,0.0,2.0,1.0,0.0,-1.0
commons-lang,org.apache.commons.lang3.function,FailableDoubleUnaryOperator,10.0,10.0,5.0,3.0,1.0,-1.0
commons-lang,org.apache.commons.lang3.function,IntToCharFunction,0.0,0.0,1.0,1.0,0.0,-1.0
commons-lang,org.apache.commons.lang3.function,FailableToIntBiFunction,1.0,1.0,2.0,2.0,1.0,-1.0
commons-lang,org.apache.commons.lang3.function,FailableDoubleBinaryOperator,0.0,0.0,1.0,1.0,0.0,-1.0
commons-lang,org.apache.commons.lang3.function,MethodInvokers,78.0,0.0,13.0,10.0,0.0,0.7692307692307693
commons-lang,org.apache.commons.lang3.function,FailableIntPredicate,15.0,15.0,6.0,3.0,1.0,-1.0
commons-lang,org.apache.commons.lang3.function,FailableObjIntConsumer,1.0,1.0,2.0,2.0,1.0,-1.0
commons-lang,org.apache.commons.lang3.function,FailableSupplier,1.0,1.0,2.0,2.0,1.0,-1.0
commons-lang,org.apache.commons.lang3.function,FailableBiConsumer,3.0,3.0,3.0,2.0,1.0,-1.0
commons-lang,org.apache.commons.lang3.function,FailableIntFunction,1.0,1.0,2.0,2.0,1.0,-1.0
commons-lang,org.apache.commons.lang3.function,Predicates,3.0,0.0,3.0,3.0,1.0,1.0
commons-lang,org.apache.commons.lang3.function,TriConsumerTest,1.0,0.0,2.0,2.0,0.0,1.0
commons-lang,org.apache.commons.lang3.function,MethodInvokersFailableBiConsumerTest,10.0,0.0,5.0,5.0,0.0,0.6
commons-lang,org.apache.commons.lang3.function,FailableSupplierTest,6.0,0.0,4.0,4.0,0.0,1.0
commons-lang,org.apache.commons.lang3.function,FunctionsTest,1.0,0.0,2.0,2.0,0.0,1.0
commons-lang,org.apache.commons.lang3.function,MethodInvokersFailableSupplierTest,1.0,0.0,2.0,2.0,0.0,1.0
commons-lang,org.apache.commons.lang3.function,MethodFixtures,882.0,861.0,35.0,35.0,0.9523809523809523,0.813953488372093
commons-lang,org.apache.commons.lang3.function,MethodInvokersFunctionTest,28.0,0.0,8.0,8.0,0.0,0.625
commons-lang,org.apache.commons.lang3.function,Objects,10.0,0.0,5.0,4.0,0.0,0.8
commons-lang,org.apache.commons.lang3.function,IntToCharFunctionTest,0.0,0.0,1.0,1.0,0.0,0.0
commons-lang,org.apache.commons.lang3.function,ObjectsTest,34.0,23.0,7.0,7.0,0.8888888888888888,0.5
commons-lang,org.apache.commons.lang3.function,TestableFailableSupplier,1.0,0.0,1.0,1.0,0.5,0.0
commons-lang,org.apache.commons.lang3.function,TestableSupplier,1.0,0.0,1.0,1.0,0.5,0.0
commons-lang,org.apache.commons.lang3.function,MethodInvokersBiFunctionTest,10.0,0.0,5.0,5.0,0.0,0.8
commons-lang,org.apache.commons.lang3.function,ConsumersTest,1.0,0.0,2.0,2.0,0.0,1.0
commons-lang,org.apache.commons.lang3.function,TriFunctionTest,1.0,0.0,2.0,2.0,0.0,1.0
commons-lang,org.apache.commons.lang3.function,MethodInvokersFailableBiFunctionTest,10.0,0.0,5.0,5.0,0.0,0.6
commons-lang,org.apache.commons.lang3.function,MethodInvokersSupplierTest,1.0,0.0,2.0,2.0,0.0,1.0
commons-lang,org.apache.commons.lang3.function,BooleanConsumerTest,3.0,0.0,3.0,2.0,0.0,0.6666666666666666
commons-lang,org.apache.commons.lang3.function,FailableFunctionsTest,40934.0,39673.0,219.0,219.0,0.950344827586207,0.6357388316151202
commons-lang,org.apache.commons.lang3.function,CloseableObject,3.0,0.0,2.0,2.0,0.3333333333333333,0.5
commons-lang,org.apache.commons.lang3.function,FailureOnOddInvocations,21.0,0.0,7.0,1.0,1.0,0.0
commons-lang,org.apache.commons.lang3.function,SomeException,2.0,1.0,2.0,2.0,1.0,0.6666666666666666
commons-lang,org.apache.commons.lang3.function,Testable,63.0,0.0,1.0,1.0,0.6634615384615384,0.0
commons-lang,org.apache.commons.lang3.function,PredicatesTest,1.0,0.0,2.0,2.0,0.0,1.0
commons-lang,org.apache.commons.lang3.function,MethodInvokersBiConsumerTest,3.0,0.0,3.0,3.0,0.0,1.0
commons-lang,org.apache.commons.lang3.function,SuppliersTest,0.0,0.0,1.0,1.0,0.0,0.0
commons-lang,org.apache.commons.lang3.function,MethodInvokersFailableFunctionTest,15.0,0.0,6.0,6.0,0.0,0.6666666666666666
commons-lang,org.apache.commons.lang3.function,ToBooleanBiFunctionTest,0.0,0.0,1.0,1.0,0.0,0.0
commons-lang,org.apache.commons.lang3.mutable,MutableInt,57.0,0.0,3.0,2.0,0.5517241379310345,0.06666666666666667
commons-lang,org.apache.commons.lang3.mutable,MutableDouble,61.0,0.0,3.0,2.0,0.5483870967741935,0.0625
commons-lang,org.apache.commons.lang3.mutable,MutableFloat,61.0,0.0,3.0,2.0,0.5483870967741935,0.0625
commons-lang,org.apache.commons.lang3.mutable,MutableLong,57.0,0.0,3.0,2.0,0.5517241379310345,0.06666666666666667
commons-lang,org.apache.commons.lang3.mutable,MutableObject,6.0,0.0,2.0,2.0,0.6666666666666666,0.2857142857142857
commons-lang,org.apache.commons.lang3.mutable,MutableByte,59.0,0.0,3.0,2.0,0.55,0.06451612903225806
commons-lang,org.apache.commons.lang3.mutable,MutableBoolean,29.0,0.0,3.0,2.0,0.6,0.125
commons-lang,org.apache.commons.lang3.mutable,Mutable,1.0,0.0,2.0,2.0,0.0,-1.0
commons-lang,org.apache.commons.lang3.mutable,MutableShort,59.0,0.0,3.0,2.0,0.55,0.06451612903225806
commons-lang,org.apache.commons.lang3.mutable,MutableBooleanTest,36.0,0.0,9.0,9.0,0.0,1.0
commons-lang,org.apache.commons.lang3.mutable,MutableByteTest,300.0,0.0,25.0,25.0,0.0,1.0
commons-lang,org.apache.commons.lang3.mutable,MutableShortTest,231.0,0.0,22.0,22.0,0.0,1.0
commons-lang,org.apache.commons.lang3.mutable,PrintAtomicVsMutable,0.0,0.0,1.0,1.0,0.0,0.0
commons-lang,org.apache.commons.lang3.mutable,MutableFloatTest,325.0,0.0,26.0,26.0,0.0,1.0
commons-lang,org.apache.commons.lang3.mutable,MutableObjectTest,10.0,0.0,5.0,5.0,0.0,1.0
commons-lang,org.apache.commons.lang3.mutable,MutableIntTest,325.0,0.0,26.0,25.0,0.0,0.9615384615384616
commons-lang,org.apache.commons.lang3.mutable,MutableDoubleTest,325.0,0.0,26.0,26.0,0.0,1.0
commons-lang,org.apache.commons.lang3.mutable,MutableLongTest,300.0,0.0,25.0,25.0,0.0,1.0
commons-lang,org.apache.commons.lang3.exception,ExceptionContext,21.0,0.0,7.0,7.0,0.0,-1.0
commons-lang,org.apache.commons.lang3.exception,UncheckedReflectiveOperationException,0.0,0.0,1.0,1.0,0.0,0.0
commons-lang,org.apache.commons.lang3.exception,UncheckedIllegalAccessException,0.0,0.0,1.0,1.0,0.0,0.0
commons-lang,org.apache.commons.lang3.exception,DefaultExceptionContext,26.0,16.0,5.0,2.0,0.8125,0.2222222222222222
commons-lang,org.apache.commons.lang3.exception,CloneFailedException,3.0,0.0,3.0,3.0,1.5,1.0
commons-lang,org.apache.commons.lang3.exception,ExceptionUtils,861.0,0.0,42.0,14.0,0.983739837398374,0.30952380952380953
commons-lang,org.apache.commons.lang3.exception,ContextedException,25.0,0.0,3.0,2.0,0.6153846153846154,0.14285714285714285
commons-lang,org.apache.commons.lang3.exception,UncheckedInterruptedException,0.0,0.0,1.0,1.0,0.0,0.0
commons-lang,org.apache.commons.lang3.exception,UncheckedException,0.0,0.0,1.0,1.0,0.0,0.0
commons-lang,org.apache.commons.lang3.exception,ContextedRuntimeException,25.0,0.0,3.0,2.0,0.6153846153846154,0.14285714285714285
commons-lang,org.apache.commons.lang3.exception,UncheckedExceptionTest,0.0,0.0,1.0,1.0,0.0,0.0
commons-lang,org.apache.commons.lang3.exception,AbstractExceptionContextTest,8.0,0.0,2.0,2.0,0.7083333333333333,0.2222222222222222
commons-lang,org.apache.commons.lang3.exception,ObjectWithFaultyToString,0.0,0.0,1.0,1.0,0.0,0.0
commons-lang,org.apache.commons.lang3.exception,ExceptionUtilsTest,2510.0,2017.0,38.0,35.0,0.9069264069264069,0.44871794871794873
commons-lang,org.apache.commons.lang3.exception,ExceptionWithCause,0.0,0.0,1.0,1.0,0.6666666666666666,0.0
commons-lang,org.apache.commons.lang3.exception,ExceptionWithoutCause,0.0,0.0,1.0,1.0,0.0,0.0
commons-lang,org.apache.commons.lang3.exception,NestableException,1.0,0.0,2.0,2.0,2.0,1.0
commons-lang,org.apache.commons.lang3.exception,TestThrowable,0.0,0.0,0.0,0.0,0.0,-1.0
commons-lang,org.apache.commons.lang3.exception,UncheckedInterruptedExceptionTest,0.0,0.0,1.0,1.0,0.0,0.0
commons-lang,org.apache.commons.lang3.exception,UncheckedReflectiveOperationExceptionTest,0.0,0.0,1.0,1.0,0.0,0.0
commons-lang,org.apache.commons.lang3.exception,DefaultExceptionContextTest,6.0,0.0,4.0,4.0,0.0,0.0
commons-lang,org.apache.commons.lang3.exception,UncheckedIllegalAccessExceptionTest,0.0,0.0,1.0,1.0,0.0,0.0
commons-lang,org.apache.commons.lang3.exception,ContextedRuntimeExceptionTest,28.0,0.0,8.0,8.0,1.0,0.0
commons-lang,org.apache.commons.lang3.exception,ContextedExceptionTest,36.0,0.0,9.0,9.0,0.0,0.2222222222222222
commons-lang,org.apache.commons.lang3.exception,CustomUncheckedException,6.0,0.0,4.0,4.0,1.3333333333333333,1.0
commons-lang,org.apache.commons.lang3.exception,CustomCheckedException,6.0,0.0,4.0,4.0,1.3333333333333333,1.0
commons-lang,org.apache.commons.lang3.exception,CloneFailedExceptionTest,15.0,0.0,6.0,6.0,0.0,0.3333333333333333
commons-lang,org.apache.commons.lang3.exception,AbstractExceptionTest,0.0,0.0,1.0,1.0,0.0,0.0
commons-lang,org.apache.commons.lang3.reflect.testbed,GenericConsumer,0.0,0.0,1.0,1.0,0.0,-1.0
commons-lang,org.apache.commons.lang3.reflect.testbed,Parent,3.0,0.0,7.0,7.0,1.5,1.0
commons-lang,org.apache.commons.lang3.reflect.testbed,GenericTypeHolder,0.0,0.0,18.0,18.0,0.0,-1.0
commons-lang,org.apache.commons.lang3.reflect.testbed,Ambig,0.0,0.0,1.0,1.0,0.0,0.0
commons-lang,org.apache.commons.lang3.reflect.testbed,Bar,0.0,0.0,2.0,2.0,0.0,-1.0
commons-lang,org.apache.commons.lang3.reflect.testbed,Foo,0.0,0.0,2.0,2.0,0.0,-1.0
commons-lang,org.apache.commons.lang3.reflect.testbed,PrivatelyShadowedChild,0.0,0.0,4.0,4.0,0.0,-1.0
commons-lang,org.apache.commons.lang3.reflect.testbed,StaticContainerChild,0.0,0.0,0.0,0.0,0.0,-1.0
commons-lang,org.apache.commons.lang3.reflect.testbed,AnotherParent,0.0,0.0,0.0,0.0,0.0,-1.0
commons-lang,org.apache.commons.lang3.reflect.testbed,GenericParent,3.0,0.0,3.0,3.0,0.0,1.0
commons-lang,org.apache.commons.lang3.reflect.testbed,Grandchild,0.0,0.0,0.0,0.0,0.0,-1.0
commons-lang,org.apache.commons.lang3.reflect.testbed,StringParameterizedChild,10.0,0.0,5.0,5.0,0.0,1.0
commons-lang,org.apache.commons.lang3.reflect.testbed,AnotherChild,0.0,0.0,0.0,0.0,0.0,-1.0
commons-lang,org.apache.commons.lang3.reflect.testbed,PubliclyShadowedChild,0.0,0.0,4.0,4.0,0.0,-1.0
commons-lang,org.apache.commons.lang3.reflect.testbed,StaticContainer,6.0,0.0,4.0,4.0,1.0740740740740742,0.0
commons-lang,org.apache.commons.lang3.reflect.testbed,PublicChild,6.0,0.0,4.0,4.0,1.3333333333333333,1.0
commons-lang,org.apache.commons.lang3.test,NotVisibleExceptionFactory,3.0,0.0,2.0,2.0,0.8333333333333334,0.5
commons-lang,org.apache.commons.lang3.test,NotVisibleException,0.0,0.0,1.0,1.0,1.0,0.0
